juy,Month,Package,Low Price,High Price,Price
0,4,24 inch bins,270.0,280.0,275.0
1,5,24 inch bins,270.0,280.0,275.0
2,9,24 inch bins,160.0,160.0,160.0
3,9,24 inch bins,160.0,160.0,160.0
4,11,24 inch bins,90.0,100.0,95.0
5,11,24 inch bins,90.0,100.0,95.0
6,9,36 inch bins,160.0,170.0,165.0
7,9,36 inch bins,160.0,160.0,160.0
8,10,36 inch bins,160.0,170.0,165.0
9,10,36 inch bins,160.0,160.0,160.0
10,10,36 inch bins,160.0,170.0,165.0
11,10,36 inch bins,160.0,160.0,160.0
12,10,36 inch bins,150.0,160.0,155.0
13,10,36 inch bins,150.0,170.0,160.0
14,10,36 inch bins,150.0,160.0,155.0
15,10,36 inch bins,140.0,160.0,150.0
16,10,36 inch bins,100.0,160.0,130.0
17,10,36 inch bins,130.0,160.0,145.0
18,10,36 inch bins,130.0,130.0,130.0
19,11,36 inch bins,120.0,130.0,125.0
20,11,36 inch bins,100.0,130.0,115.0
21,11,36 inch bins,90.0,100.0,95.0
22,11,36 inch bins,100.0,120.0,110.0
23,9,36 inch bins,160.0,160.0,160.0
24,9,36 inch bins,160.0,160.0,160.0
25,9,36 inch bins,150.0,160.0,155.0
26,9,36 inch bins,150.0,160.0,155.0
27,9,24 inch bins,160.0,180.0,170.0
28,9,24 inch bins,180.0,180.0,180.0
29,6,24 inch bins,380.0,380.0,380.0
30,6,24 inch bins,380.0,380.0,380.0
31,6,24 inch bins,380.0,380.0,380.0
32,8,24 inch bins,200.0,200.0,200.0
33,8,24 inch bins,200.0,350.0,275.0
34,9,24 inch bins,350.0,350.0,350.0
35,9,24 inch bins,180.0,180.0,180.0
36,9,24 inch bins,200.0,200.0,200.0
37,9,24 inch bins,180.0,200.0,190.0
38,9,24 inch bins,180.0,200.0,190.0
39,9,24 inch bins,340.0,340.0,340.0
40,9,24 inch bins,240.0,250.0,245.0
41,9,24 inch bins,200.0,200.0,200.0
42,9,24 inch bins,340.0,340.0,340.0
43,9,24 inch bins,240.0,250.0,245.0
44,9,24 inch bins,180.0,200.0,190.0
45,8,50 lb sacks,29.0,29.0,29.0
46,8,50 lb sacks,29.0,29.0,29.0
47,8,50 lb sacks,28.0,29.0,28.5
48,8,50 lb sacks,28.0,29.0,28.5
49,8,50 lb sacks,29.0,29.0,29.0
50,9,50 lb sacks,29.0,29.0,29.0
51,9,50 lb sacks,15.0,15.0,15.0
52,9,50 lb sacks,24.0,24.0,24.0
53,9,50 lb sacks,15.0,15.0,15.0
54,9,24 inch bins,250.0,260.0,255.0
55,9,24 inch bins,250.0,260.0,255.0
56,10,24 inch bins,250.0,260.0,255.0
57,10,24 inch bins,250.0,260.0,255.0
58,10,24 inch bins,235.0,260.0,247.5
59,10,24 inch bins,250.0,260.0,255.0
60,10,24 inch bins,235.0,250.0,242.5
61,10,24 inch bins,230.0,240.0,235.0
62,10,24 inch bins,220.0,240.0,230.0
63,10,24 inch bins,230.0,230.0,230.0
64,11,24 inch bins,200.0,230.0,215.0
65,11,24 inch bins,200.0,230.0,215.0
66,11,24 inch bins,200.0,200.0,200.0
67,11,24 inch bins,200.0,200.0,200.0
68,11,24 inch bins,200.0,230.0,215.0
69,11,24 inch bins,210.0,210.0,210.0
70,9,1 1/9 bushel cartons,15.0,15.0,13.5
71,9,1 1/9 bushel cartons,18.0,18.0,16.2
72,10,1 1/9 bushel cartons,18.0,18.0,16.2
73,10,1 1/9 bushel cartons,17.0,17.0,15.299999999999999
74,10,1 1/9 bushel cartons,15.0,15.0,13.5
75,10,1 1/9 bushel cartons,18.0,18.0,16.2
76,10,1 1/9 bushel cartons,17.0,17.0,15.299999999999999
77,10,1 1/9 bushel cartons,17.0,18.5,15.975
78,10,1 1/9 bushel cartons,15.0,15.0,13.5
79,10,1 1/9 bushel cartons,17.0,17.0,15.299999999999999
80,10,1 1/9 bushel cartons,17.0,18.5,15.975
81,10,1 1/9 bushel cartons,15.0,15.0,13.5
82,10,1 1/9 bushel cartons,17.0,17.0,15.299999999999999
83,10,1 1/9 bushel cartons,17.0,18.5,15.975
84,10,1 1/9 bushel cartons,15.0,15.0,13.5
85,10,1 1/9 bushel cartons,16.0,17.0,14.85
86,10,1 1/9 bushel cartons,16.0,18.0,15.299999999999999
87,9,1 1/9 bushel cartons,18.0,18.0,16.2
88,9,1 1/9 bushel cartons,16.0,16.0,14.399999999999999
89,9,1 1/9 bushel cartons,18.0,18.0,16.2
90,9,1 1/9 bushel cartons,16.0,16.0,14.399999999999999
91,9,1 1/9 bushel cartons,16.0,16.0,14.399999999999999
92,9,1 1/9 bushel cartons,16.0,16.0,14.399999999999999
93,9,24 inch bins,160.0,160.0,160.0
94,9,24 inch bins,200.0,200.0,200.0
95,9,24 inch bins,190.0,200.0,195.0
96,9,24 inch bins,50.0,60.0,55.0
97,9,24 inch bins,50.0,60.0,55.0
98,9,24 inch bins,50.0,60.0,55.0
99,10,24 inch bins,50.0,60.0,55.0
100,10,24 inch bins,50.0,60.0,55.0
101,10,24 inch bins,50.0,60.0,55.0
102,10,24 inch bins,50.0,60.0,55.0
103,10,24 inch bins,50.0,60.0,55.0
104,10,24 inch bins,50.0,60.0,55.0
105,10,24 inch bins,40.0,60.0,50.0
106,10,24 inch bins,40.0,60.0,50.0
107,10,24 inch bins,50.0,60.0,55.0
108,10,24 inch bins,50.0,60.0,55.0
109,10,24 inch bins,50.0,60.0,55.0
110,10,24 inch bins,40.0,60.0,50.0
111,10,24 inch bins,40.0,60.0,50.0
112,10,24 inch bins,50.0,60.0,55.0
113,10,24 inch bins,50.0,60.0,55.0
114,10,24 inch bins,40.0,60.0,50.0
115,10,24 inch bins,50.0,60.0,55.0
116,10,24 inch bins,50.0,60.0,55.0
117,10,24 inch bins,50.0,60.0,55.0
118,9,24 inch bins,50.0,50.0,50.0
119,9,24 inch bins,50.0,50.0,50.0
120,9,24 inch bins,160.0,240.0,200.0
121,9,24 inch bins,240.0,240.0,240.0
122,9,24 inch bins,240.0,240.0,240.0
123,9,1/2 bushel cartons,18.0,18.0,36.0
124,9,1/2 bushel cartons,15.0,15.0,30.0
125,10,1/2 bushel cartons,18.0,18.0,36.0
126,10,1/2 bushel cartons,15.0,15.0,30.0
127,10,1/2 bushel cartons,17.0,17.0,34.0
128,10,1/2 bushel cartons,15.0,15.0,30.0
129,10,1/2 bushel cartons,15.0,18.0,33.0
130,10,1/2 bushel cartons,16.0,17.0,33.0
131,10,1/2 bushel cartons,16.0,18.0,34.0
132,10,1/2 bushel cartons,15.0,15.0,30.0
133,10,1/2 bushel cartons,15.0,15.0,30.0
134,10,1/2 bushel cartons,16.0,17.0,33.0
135,10,1/2 bushel cartons,16.0,18.0,34.0
136,10,1/2 bushel cartons,15.0,15.0,30.0
137,10,1/2 bushel cartons,15.0,15.0,30.0
138,10,1/2 bushel cartons,16.0,17.0,33.0
139,10,1/2 bushel cartons,16.0,18.0,34.0
140,10,1/2 bushel cartons,15.0,17.0,32.0
141,10,1/2 bushel cartons,15.0,15.0,30.0
142,10,1/2 bushel cartons,16.0,17.0,33.0
143,10,1/2 bushel cartons,16.0,18.0,34.0
144,11,1/2 bushel cartons,16.0,17.0,33.0
145,9,1/2 bushel cartons,18.0,18.0,36.0
146,9,1/2 bushel cartons,18.0,18.0,36.0
147,9,1/2 bushel cartons,18.0,18.0,36.0
148,9,1/2 bushel cartons,18.0,18.0,36.0
149,9,1/2 bushel cartons,18.0,18.0,36.0
150,9,1/2 bushel cartons,15.0,15.0,30.0
151,10,1/2 bushel cartons,15.0,15.0,30.0
152,10,1/2 bushel cartons,15.0,15.0,30.0
153,9,24 inch bins,140.0,154.75,147.375
154,9,24 inch bins,145.0,154.75,149.875
155,9,24 inch bins,150.0,154.75,152.375
156,9,24 inch bins,150.0,150.0,150.0
157,10,24 inch bins,140.0,154.75,147.375
158,10,24 inch bins,145.0,154.75,149.875
159,10,24 inch bins,150.0,154.75,152.375
160,10,24 inch bins,150.0,150.0,150.0
161,10,24 inch bins,140.0,154.75,147.375
162,10,24 inch bins,145.0,154.75,149.875
163,10,24 inch bins,150.0,154.75,152.375
164,10,24 inch bins,150.0,150.0,150.0
165,10,24 inch bins,140.0,145.0,142.5
166,10,24 inch bins,140.0,154.75,147.375
167,10,24 inch bins,145.0,154.75,149.875
168,10,24 inch bins,150.0,154.75,152.375
169,10,24 inch bins,150.0,150.0,150.0
170,10,24 inch bins,140.0,145.0,142.5
171,10,24 inch bins,140.0,154.75,147.375
172,10,24 inch bins,145.0,154.75,149.875
173,10,24 inch bins,150.0,154.75,152.375
174,10,24 inch bins,150.0,150.0,150.0
175,10,24 inch bins,140.0,145.0,142.5
176,10,24 inch bins,140.0,154.75,147.375
177,10,24 inch bins,145.0,154.75,149.875
178,10,24 inch bins,150.0,154.75,152.375
179,10,24 inch bins,150.0,150.0,150.0
180,11,24 inch bins,140.0,145.0,142.5
181,11,24 inch bins,140.0,154.75,147.375
182,11,24 inch bins,145.0,154.75,149.875
183,11,24 inch bins,150.0,154.75,152.375
184,11,24 inch bins,150.0,150.0,150.0
185,9,36 inch bins,150.0,150.0,150.0
186,9,36 inch bins,140.0,145.0,142.5
187,9,36 inch bins,140.0,140.0,140.0
188,11,1 1/9 bushel cartons,14.5,15.0,13.274999999999999
189,11,1 1/9 bushel cartons,14.5,15.0,13.274999999999999
190,11,1 1/9 bushel cartons,14.5,15.0,13.274999999999999
191,11,1 1/9 bushel cartons,14.5,15.0,13.274999999999999
192,9,24 inch bins,135.0,135.0,135.0
193,10,24 inch bins,135.0,135.0,135.0
194,10,24 inch bins,135.0,135.0,135.0
195,10,24 inch bins,135.0,135.0,135.0
196,10,24 inch bins,135.0,135.0,135.0
197,10,24 inch bins,135.0,135.0,135.0
198,11,24 inch bins,123.5,135.0,129.25
199,11,24 inch bins,123.5,135.0,129.25
200,11,24 inch bins,123.5,135.0,129.25
201,11,24 inch bins,123.5,135.0,129.25
202,9,36 inch bins,210.0,286.0,248.0
203,10,36 inch bins,210.0,286.0,248.0
204,10,36 inch bins,210.0,286.0,248.0
205,10,36 inch bins,210.0,286.0,248.0
206,10,36 inch bins,210.0,286.0,248.0
207,10,36 inch bins,210.0,286.0,248.0
208,11,36 inch bins,210.0,286.0,248.0
209,9,1 1/9 bushel cartons,16.5,18.0,15.524999999999999
210,9,36 inch bins,160.0,200.0,180.0
211,9,36 inch bins,160.0,200.0,180.0
212,9,36 inch bins,160.0,200.0,180.0
213,9,36 inch bins,160.0,200.0,180.0
214,9,36 inch bins,160.0,180.0,170.0
215,9,36 inch bins,160.0,180.0,170.0
216,9,36 inch bins,140.0,160.0,150.0
217,9,36 inch bins,140.0,160.0,150.0
218,9,36 inch bins,140.0,160.0,150.0
219,9,36 inch bins,200.0,225.0,212.5
220,9,36 inch bins,180.0,225.0,202.5
221,9,36 inch bins,180.0,225.0,202.5
222,9,36 inch bins,180.0,225.0,202.5
223,9,36 inch bins,180.0,225.0,202.5
224,9,36 inch bins,180.0,225.0,202.5
225,9,36 inch bins,170.0,180.0,175.0
226,9,36 inch bins,170.0,180.0,175.0
227,9,36 inch bins,140.0,160.0,150.0
228,9,36 inch bins,140.0,160.0,150.0
229,10,36 inch bins,160.0,200.0,180.0
230,10,36 inch bins,160.0,200.0,180.0
231,10,36 inch bins,160.0,200.0,180.0
232,10,36 inch bins,160.0,200.0,180.0
233,10,36 inch bins,160.0,180.0,170.0
234,10,36 inch bins,160.0,180.0,170.0
235,10,36 inch bins,140.0,160.0,150.0
236,10,36 inch bins,140.0,160.0,150.0
237,10,36 inch bins,140.0,160.0,150.0
238,10,36 inch bins,200.0,225.0,212.5
239,10,36 inch bins,180.0,225.0,202.5
240,10,36 inch bins,180.0,225.0,202.5
241,10,36 inch bins,180.0,225.0,202.5
242,10,36 inch bins,180.0,225.0,202.5
243,10,36 inch bins,180.0,225.0,202.5
244,10,36 inch bins,170.0,180.0,175.0
245,10,36 inch bins,170.0,180.0,175.0
246,10,36 inch bins,140.0,160.0,150.0
247,10,36 inch bins,140.0,160.0,150.0
248,10,36 inch bins,160.0,200.0,180.0
249,10,36 inch bins,160.0,200.0,180.0
250,10,36 inch bins,160.0,200.0,180.0
251,10,36 inch bins,160.0,200.0,180.0
252,10,36 inch bins,160.0,180.0,170.0
253,10,36 inch bins,160.0,180.0,170.0
254,10,36 inch bins,140.0,160.0,150.0
255,10,36 inch bins,140.0,160.0,150.0
256,10,36 inch bins,140.0,160.0,150.0
257,10,36 inch bins,200.0,225.0,212.5
258,10,36 inch bins,180.0,225.0,202.5
259,10,36 inch bins,180.0,225.0,202.5
260,10,36 inch bins,180.0,225.0,202.5
261,10,36 inch bins,180.0,225.0,202.5
262,10,36 inch bins,180.0,225.0,202.5
263,10,36 inch bins,170.0,180.0,175.0
264,10,36 inch bins,170.0,180.0,175.0
265,10,36 inch bins,140.0,160.0,150.0
266,10,36 inch bins,140.0,160.0,150.0
267,10,36 inch bins,160.0,200.0,180.0
268,10,36 inch bins,160.0,200.0,180.0
269,10,36 inch bins,160.0,200.0,180.0
270,10,36 inch bins,160.0,200.0,180.0
271,10,36 inch bins,160.0,180.0,170.0
272,10,36 inch bins,160.0,180.0,170.0
273,10,36 inch bins,140.0,160.0,150.0
274,10,36 inch bins,140.0,160.0,150.0
275,10,36 inch bins,140.0,160.0,150.0
276,10,36 inch bins,200.0,225.0,212.5
277,10,36 inch bins,180.0,225.0,202.5
278,10,36 inch bins,180.0,225.0,202.5
279,10,36 inch bins,180.0,225.0,202.5
280,10,36 inch bins,180.0,225.0,202.5
281,10,36 inch bins,180.0,225.0,202.5
282,10,36 inch bins,170.0,180.0,175.0
283,10,36 inch bins,170.0,180.0,175.0
284,10,36 inch bins,140.0,160.0,150.0
285,10,36 inch bins,140.0,160.0,150.0
286,10,36 inch bins,150.0,200.0,175.0
287,10,36 inch bins,160.0,200.0,180.0
288,10,36 inch bins,150.0,200.0,175.0
289,10,36 inch bins,160.0,200.0,180.0
290,10,36 inch bins,160.0,180.0,170.0
291,10,36 inch bins,150.0,180.0,165.0
292,10,36 inch bins,140.0,160.0,150.0
293,10,36 inch bins,140.0,160.0,150.0
294,10,36 inch bins,130.0,160.0,145.0
295,10,36 inch bins,195.0,225.0,210.0
296,10,36 inch bins,180.0,225.0,202.5
297,10,36 inch bins,180.0,225.0,202.5
298,10,36 inch bins,180.0,225.0,202.5
299,10,36 inch bins,180.0,225.0,202.5
300,10,36 inch bins,175.0,225.0,200.0
301,10,36 inch bins,170.0,180.0,175.0
302,10,36 inch bins,160.0,180.0,170.0
303,10,36 inch bins,140.0,160.0,150.0
304,10,36 inch bins,140.0,160.0,150.0
305,10,36 inch bins,150.0,200.0,175.0
306,10,36 inch bins,160.0,200.0,180.0
307,10,36 inch bins,160.0,200.0,180.0
308,10,36 inch bins,150.0,200.0,175.0
309,10,36 inch bins,150.0,180.0,165.0
310,10,36 inch bins,160.0,180.0,170.0
311,10,36 inch bins,140.0,160.0,150.0
312,10,36 inch bins,140.0,160.0,150.0
313,10,36 inch bins,130.0,160.0,145.0
314,10,36 inch bins,180.0,225.0,202.5
315,10,36 inch bins,170.0,225.0,197.5
316,10,36 inch bins,170.0,225.0,197.5
317,10,36 inch bins,160.0,225.0,192.5
318,10,36 inch bins,160.0,225.0,192.5
319,10,36 inch bins,150.0,225.0,187.5
320,10,36 inch bins,160.0,180.0,170.0
321,10,36 inch bins,150.0,180.0,165.0
322,10,36 inch bins,140.0,160.0,150.0
323,10,36 inch bins,140.0,160.0,150.0
324,11,36 inch bins,180.0,225.0,202.5
325,11,36 inch bins,170.0,225.0,197.5
326,11,36 inch bins,170.0,225.0,197.5
327,11,36 inch bins,160.0,225.0,192.5
328,11,36 inch bins,160.0,225.0,192.5
329,11,36 inch bins,150.0,225.0,187.5
330,9,36 inch bins,200.0,225.0,212.5
331,9,36 inch bins,175.0,200.0,187.5
332,9,36 inch bins,175.0,200.0,187.5
333,9,36 inch bins,200.0,225.0,212.5
334,9,36 inch bins,175.0,200.0,187.5
335,9,36 inch bins,175.0,200.0,187.5
336,9,36 inch bins,200.0,225.0,212.5
337,9,36 inch bins,175.0,200.0,187.5
338,9,36 inch bins,175.0,200.0,187.5
339,9,36 inch bins,200.0,225.0,212.5
340,9,36 inch bins,175.0,200.0,187.5
341,9,36 inch bins,175.0,200.0,187.5
342,9,24 inch bins,260.0,285.0,272.5
343,9,24 inch bins,260.0,285.0,272.5
344,10,24 inch bins,260.0,285.0,272.5
345,10,24 inch bins,260.0,285.0,272.5
346,10,24 inch bins,260.0,285.0,272.5
347,10,24 inch bins,260.0,285.0,272.5
348,10,24 inch bins,260.0,285.0,272.5
349,10,24 inch bins,260.0,285.0,272.5
350,10,24 inch bins,260.0,285.0,272.5
351,10,24 inch bins,260.0,285.0,272.5
352,10,24 inch bins,260.0,285.0,272.5
353,10,24 inch bins,260.0,285.0,272.5
354,11,24 inch bins,260.0,285.0,272.5
355,11,24 inch bins,260.0,285.0,272.5
356,9,1/2 bushel cartons,15.0,16.0,31.0
357,10,1/2 bushel cartons,15.0,16.0,31.0
358,10,1/2 bushel cartons,15.0,16.0,31.0
359,10,1/2 bushel cartons,15.0,16.0,31.0
360,10,1/2 bushel cartons,15.0,16.0,31.0
361,10,1/2 bushel cartons,15.0,16.0,31.0
362,11,1/2 bushel cartons,15.0,16.0,31.0
363,9,24 inch bins,260.0,285.0,272.5
364,9,24 inch bins,260.0,285.0,272.5
365,10,24 inch bins,260.0,285.0,272.5
366,10,24 inch bins,260.0,285.0,272.5
367,10,24 inch bins,260.0,285.0,272.5
368,10,24 inch bins,260.0,285.0,272.5
369,10,24 inch bins,260.0,285.0,272.5
370,10,24 inch bins,260.0,285.0,272.5
371,10,24 inch bins,260.0,285.0,272.5
372,10,24 inch bins,260.0,285.0,272.5
373,10,24 inch bins,260.0,285.0,272.5
374,10,24 inch bins,260.0,285.0,272.5
375,11,24 inch bins,260.0,285.0,272.5
376,11,24 inch bins,260.0,285.0,272.5
377,9,1 1/9 bushel crates,15.0,16.0,13.95
378,10,1 1/9 bushel crates,15.0,16.0,13.95
379,10,1 1/9 bushel crates,15.0,16.0,13.95
380,10,1 1/9 bushel crates,15.0,16.0,13.95
381,10,1 1/9 bushel crates,15.0,16.0,13.95
382,10,1 1/9 bushel crates,15.0,16.0,13.95
383,11,1 1/9 bushel crates,15.0,16.0,13.95
384,11,1 1/9 bushel crates,15.0,16.0,13.95
385,11,1 1/9 bushel crates,15.0,16.0,13.95
386,11,1 1/9 bushel crates,15.0,16.0,13.95
387,12,1 1/9 bushel crates,15.0,16.0,13.95
388,9,1 1/9 bushel cartons,15.0,16.0,13.95
389,10,1 1/9 bushel cartons,15.0,16.0,13.95
390,10,1 1/9 bushel cartons,15.0,16.0,13.95
391,10,1 1/9 bushel cartons,15.0,16.0,13.95
392,10,1 1/9 bushel cartons,15.0,16.0,13.95
393,10,1 1/9 bushel cartons,15.0,16.0,13.95
394,11,1 1/9 bushel cartons,15.0,16.0,13.95
395,11,1 1/9 bushel cartons,15.0,16.0,13.95
396,11,1 1/9 bushel cartons,15.0,16.0,13.95
397,11,1 1/9 bushel cartons,15.0,16.0,13.95
398,12,1 1/9 bushel cartons,15.0,16.0,13.95
399,12,1 1/9 bushel cartons,15.0,16.0,13.95
400,9,24 inch bins,175.0,180.0,177.5
401,9,24 inch bins,170.0,180.0,175.0
402,10,24 inch bins,175.0,180.0,177.5
403,10,24 inch bins,200.0,200.0,200.0
404,10,24 inch bins,170.0,180.0,175.0
405,10,24 inch bins,175.0,180.0,177.5
406,10,24 inch bins,200.0,200.0,200.0
407,10,24 inch bins,170.0,180.0,175.0
408,10,24 inch bins,175.0,180.0,177.5
409,10,24 inch bins,190.0,200.0,195.0
410,10,24 inch bins,170.0,180.0,175.0
411,10,24 inch bins,175.0,175.0,175.0
412,10,24 inch bins,170.0,180.0,175.0
413,10,24 inch bins,150.0,175.0,162.5
414,10,24 inch bins,175.0,200.0,187.5
415,10,24 inch bins,170.0,180.0,175.0
416,10,24 inch bins,175.0,175.0,175.0
417,10,24 inch bins,170.0,180.0,175.0
418,10,24 inch bins,150.0,175.0,162.5
419,10,24 inch bins,175.0,200.0,187.5
420,10,24 inch bins,170.0,180.0,175.0
421,10,24 inch bins,175.0,175.0,175.0
422,11,24 inch bins,135.0,150.0,142.5
423,11,24 inch bins,135.0,150.0,142.5
424,11,24 inch bins,135.0,150.0,142.5
425,9,36 inch bins,170.0,220.0,195.0
426,9,36 inch bins,250.0,300.0,275.0
427,9,36 inch bins,200.0,220.0,210.0
428,9,36 inch bins,260.0,280.0,270.0
429,9,36 inch bins,180.0,225.0,202.5
430,9,36 inch bins,180.0,225.0,202.5
431,10,36 inch bins,170.0,220.0,195.0
432,10,36 inch bins,250.0,300.0,275.0
433,10,36 inch bins,200.0,220.0,210.0
434,10,36 inch bins,250.0,280.0,265.0
435,10,36 inch bins,180.0,225.0,202.5
436,10,36 inch bins,180.0,225.0,202.5
437,10,36 inch bins,170.0,220.0,195.0
438,10,36 inch bins,250.0,300.0,275.0
439,10,36 inch bins,200.0,220.0,210.0
440,10,36 inch bins,250.0,280.0,265.0
441,10,36 inch bins,180.0,225.0,202.5
442,10,36 inch bins,180.0,225.0,202.5
443,10,36 inch bins,170.0,220.0,195.0
444,10,36 inch bins,250.0,300.0,275.0
445,10,36 inch bins,200.0,220.0,210.0
446,10,36 inch bins,250.0,280.0,265.0
447,10,36 inch bins,180.0,225.0,202.5
448,10,36 inch bins,180.0,225.0,202.5
449,10,36 inch bins,220.0,220.0,220.0
450,10,36 inch bins,170.0,220.0,195.0
451,10,36 inch bins,250.0,300.0,275.0
452,10,36 inch bins,200.0,240.0,220.0
453,10,36 inch bins,250.0,280.0,265.0
454,10,36 inch bins,180.0,225.0,202.5
455,10,36 inch bins,175.0,225.0,200.0
456,10,36 inch bins,200.0,220.0,210.0
457,10,36 inch bins,170.0,220.0,195.0
458,10,36 inch bins,250.0,300.0,275.0
459,10,36 inch bins,200.0,240.0,220.0
460,10,36 inch bins,250.0,280.0,265.0
461,10,36 inch bins,180.0,225.0,202.5
462,10,36 inch bins,175.0,225.0,200.0
463,10,36 inch bins,200.0,220.0,210.0
464,11,36 inch bins,240.0,300.0,270.0
465,11,36 inch bins,190.0,240.0,215.0
466,11,36 inch bins,240.0,240.0,240.0
467,11,36 inch bins,190.0,190.0,190.0
468,11,36 inch bins,200.0,240.0,220.0
469,11,36 inch bins,200.0,240.0,220.0
470,11,36 inch bins,200.0,240.0,220.0
471,11,36 inch bins,200.0,220.0,210.0
472,11,36 inch bins,200.0,220.0,210.0
473,11,36 inch bins,200.0,220.0,210.0
474,11,36 inch bins,200.0,220.0,210.0
475,11,36 inch bins,200.0,220.0,210.0
476,11,36 inch bins,200.0,220.0,210.0
477,9,36 inch bins,300.0,300.0,300.0
478,9,36 inch bins,300.0,300.0,300.0
479,9,36 inch bins,200.0,200.0,200.0
480,9,36 inch bins,270.0,300.0,285.0
481,9,36 inch bins,270.0,300.0,285.0
482,9,36 inch bins,270.0,300.0,285.0
483,9,36 inch bins,270.0,300.0,285.0
484,9,36 inch bins,270.0,300.0,285.0
485,9,36 inch bins,270.0,300.0,285.0
486,9,36 inch bins,270.0,300.0,285.0
487,9,36 inch bins,270.0,300.0,285.0
488,9,36 inch bins,270.0,300.0,285.0
489,9,bushel cartons,20.0,24.0,22.0
490,9,bushel cartons,20.0,24.0,22.0
491,9,24 inch bins,260.0,285.0,272.5
492,10,24 inch bins,260.0,285.0,272.5
493,10,24 inch bins,260.0,285.0,272.5
494,10,24 inch bins,260.0,285.0,272.5
495,10,24 inch bins,260.0,285.0,272.5
496,10,24 inch bins,260.0,285.0,272.5
497,11,24 inch bins,260.0,285.0,272.5
498,9,24 inch bins,260.0,285.0,272.5
499,10,24 inch bins,260.0,285.0,272.5
500,10,24 inch bins,260.0,285.0,272.5
501,10,24 inch bins,260.0,285.0,272.5
502,10,24 inch bins,260.0,285.0,272.5
503,10,24 inch bins,260.0,285.0,272.5
504,11,24 inch bins,260.0,285.0,272.5
505,9,24 inch bins,260.0,285.0,272.5
506,10,24 inch bins,260.0,285.0,272.5
507,10,24 inch bins,260.0,285.0,272.5
508,10,24 inch bins,260.0,285.0,272.5
509,10,24 inch bins,260.0,285.0,272.5
510,10,24 inch bins,260.0,285.0,272.5
511,11,24 inch bins,260.0,285.0,272.5
512,9,36 inch bins,175.0,175.0,175.0
513,9,36 inch bins,200.0,225.0,212.5
514,9,36 inch bins,175.0,200.0,187.5
515,9,36 inch bins,175.0,200.0,187.5
516,9,36 inch bins,175.0,200.0,187.5
517,9,36 inch bins,175.0,200.0,187.5
518,9,36 inch bins,200.0,225.0,212.5
519,9,36 inch bins,175.0,200.0,187.5
520,9,36 inch bins,200.0,225.0,212.5
521,9,36 inch bins,175.0,200.0,187.5
522,9,36 inch bins,175.0,200.0,187.5
523,9,36 inch bins,175.0,200.0,187.5
524,9,36 inch bins,175.0,200.0,187.5
525,9,36 inch bins,200.0,225.0,212.5
526,9,36 inch bins,175.0,200.0,187.5
527,9,36 inch bins,200.0,225.0,212.5
528,9,36 inch bins,175.0,200.0,187.5
529,9,36 inch bins,175.0,200.0,187.5
530,9,36 inch bins,175.0,200.0,187.5
531,9,36 inch bins,175.0,200.0,187.5
532,9,36 inch bins,200.0,225.0,212.5
533,9,36 inch bins,175.0,200.0,187.5
534,9,1/2 bushel cartons,15.0,18.0,33.0
535,9,1/2 bushel cartons,15.0,18.0,33.0
536,10,1/2 bushel cartons,15.0,18.0,33.0
537,10,1/2 bushel cartons,15.0,18.0,33.0
538,10,1/2 bushel cartons,15.0,18.0,33.0
539,10,1/2 bushel cartons,15.0,18.0,33.0
540,10,1/2 bushel cartons,15.0,18.0,33.0
541,10,1/2 bushel cartons,15.0,18.0,33.0
542,10,1/2 bushel cartons,15.0,18.0,33.0
543,10,1/2 bushel cartons,15.0,18.0,33.0
544,10,1/2 bushel cartons,15.0,18.0,33.0
545,10,1/2 bushel cartons,15.0,18.0,33.0
546,11,1/2 bushel cartons,15.0,18.0,33.0
547,11,1/2 bushel cartons,15.0,18.0,33.0
548,9,1/2 bushel cartons,15.0,18.0,33.0
549,9,1/2 bushel cartons,15.0,18.0,33.0
550,10,1/2 bushel cartons,15.0,18.0,33.0
551,10,1/2 bushel cartons,15.0,18.0,33.0
552,10,1/2 bushel cartons,15.0,18.0,33.0
553,10,1/2 bushel cartons,15.0,18.0,33.0
554,10,1/2 bushel cartons,15.0,18.0,33.0
555,10,1/2 bushel cartons,15.0,18.0,33.0
556,10,1/2 bushel cartons,15.0,18.0,33.0
557,10,1/2 bushel cartons,15.0,18.0,33.0
558,10,1/2 bushel cartons,15.0,18.0,33.0
559,10,1/2 bushel cartons,15.0,18.0,33.0
560,11,1/2 bushel cartons,15.0,18.0,33.0
561,11,1/2 bushel cartons,15.0,18.0,33.0
562,9,24 inch bins,200.0,225.0,212.5
563,9,24 inch bins,200.0,220.0,210.0
564,9,24 inch bins,200.0,225.0,212.5
565,9,24 inch bins,200.0,220.0,210.0
566,9,24 inch bins,200.0,225.0,212.5
567,9,24 inch bins,200.0,220.0,210.0
568,9,36 inch bins,135.0,135.0,135.0
569,9,36 inch bins,130.0,130.0,130.0
570,10,36 inch bins,130.0,135.0,132.5
571,10,36 inch bins,130.0,130.0,130.0
572,10,36 inch bins,130.0,130.0,130.0
573,10,36 inch bins,130.0,130.0,130.0
574,10,36 inch bins,130.0,135.0,132.5
575,10,36 inch bins,130.0,130.0,130.0
576,10,36 inch bins,60.0,60.0,60.0
577,10,36 inch bins,130.0,135.0,132.5
578,10,36 inch bins,130.0,130.0,130.0
579,10,36 inch bins,60.0,60.0,60.0
580,10,36 inch bins,125.0,135.0,130.0
581,10,36 inch bins,130.0,130.0,130.0
582,10,36 inch bins,60.0,60.0,60.0
583,11,36 inch bins,125.0,130.0,127.5
584,11,36 inch bins,130.0,130.0,130.0
585,11,36 inch bins,60.0,60.0,60.0
586,11,36 inch bins,125.0,130.0,127.5
587,11,36 inch bins,120.0,130.0,125.0
588,11,36 inch bins,60.0,60.0,60.0
589,11,36 inch bins,125.0,130.0,127.5
590,11,36 inch bins,100.0,130.0,115.0
591,11,36 inch bins,60.0,60.0,60.0
592,11,36 inch bins,125.0,125.0,125.0
593,11,36 inch bins,100.0,125.0,112.5
594,12,36 inch bins,125.0,125.0,125.0
595,12,36 inch bins,100.0,125.0,112.5
596,12,36 inch bins,125.0,125.0,125.0
597,12,36 inch bins,100.0,125.0,112.5
598,9,36 inch bins,170.0,170.0,170.0
599,9,36 inch bins,170.0,170.0,170.0
600,9,24 inch bins,200.0,200.0,200.0
601,9,24 inch bins,200.0,200.0,200.0
602,9,24 inch bins,200.0,200.0,200.0
603,9,24 inch bins,200.0,200.0,200.0
604,9,24 inch bins,200.0,200.0,200.0
605,9,36 inch bins,150.0,150.0,150.0
606,10,36 inch bins,150.0,150.0,150.0
607,10,36 inch bins,150.0,150.0,150.0
608,10,36 inch bins,150.0,150.0,150.0
609,10,36 inch bins,150.0,150.0,150.0
610,10,36 inch bins,150.0,150.0,150.0
611,11,36 inch bins,150.0,150.0,150.0
612,11,36 inch bins,150.0,150.0,150.0
613,9,36 inch bins,200.0,200.0,200.0
614,10,36 inch bins,200.0,200.0,200.0
615,10,36 inch bins,200.0,200.0,200.0
616,10,36 inch bins,200.0,200.0,200.0
617,10,36 inch bins,200.0,200.0,200.0
618,10,36 inch bins,200.0,200.0,200.0
619,11,36 inch bins,200.0,200.0,200.0
620,11,36 inch bins,185.0,200.0,192.5
621,11,36 inch bins,185.0,185.0,185.0
622,11,36 inch bins,185.0,185.0,185.0
623,12,36 inch bins,185.0,185.0,185.0
624,12,36 inch bins,185.0,185.0,185.0
625,12,36 inch bins,185.0,185.0,185.0
626,1,36 inch bins,185.0,185.0,185.0
627,1,36 inch bins,185.0,185.0,185.0
628,1,36 inch bins,185.0,185.0,185.0
629,1,36 inch bins,185.0,185.0,185.0
630,2,36 inch bins,210.0,225.0,217.5
631,2,36 inch bins,210.0,225.0,217.5
632,2,36 inch bins,215.0,225.0,220.0
633,2,36 inch bins,210.0,215.0,212.5
634,3,36 inch bins,210.0,210.0,210.0
635,3,36 inch bins,210.0,210.0,210.0
636,3,36 inch bins,210.0,210.0,210.0
637,3,36 inch bins,210.0,210.0,210.0
638,4,36 inch bins,210.0,210.0,210.0
639,4,36 inch bins,210.0,210.0,210.0
640,4,36 inch bins,210.0,210.0,210.0
641,4,36 inch bins,210.0,210.0,210.0
642,4,36 inch bins,210.0,210.0,210.0
643,5,36 inch bins,210.0,225.0,217.5
644,5,36 inch bins,225.0,225.0,225.0
645,5,36 inch bins,225.0,225.0,225.0
646,5,36 inch bins,225.0,225.0,225.0
647,6,36 inch bins,225.0,225.0,225.0
648,6,36 inch bins,225.0,225.0,225.0
649,6,36 inch bins,225.0,225.0,225.0
650,6,36 inch bins,225.0,225.0,225.0
651,7,36 inch bins,225.0,255.0,240.0
652,7,36 inch bins,255.0,255.0,255.0
653,7,36 inch bins,255.0,255.0,255.0
654,7,36 inch bins,255.0,255.0,255.0
655,7,36 inch bins,255.0,255.0,255.0
656,8,36 inch bins,255.0,255.0,255.0
657,8,36 inch bins,255.0,255.0,255.0
658,8,36 inch bins,255.0,255.0,255.0
659,8,36 inch bins,255.0,255.0,255.0
660,8,36 inch bins,255.0,255.0,255.0
661,8,bins,200.0,200.0,200.0
662,9,bins,200.0,200.0,200.0
663,9,bins,200.0,200.0,200.0
664,9,bins,200.0,200.0,200.0
665,9,bins,200.0,200.0,200.0
666,9,bins,200.0,200.0,200.0
667,9,1 1/9 bushel cartons,17.0,17.0,15.299999999999999
668,9,1 1/9 bushel cartons,17.0,17.0,15.299999999999999
669,9,1 1/9 bushel cartons,17.0,18.0,15.75
670,10,1 1/9 bushel cartons,17.0,18.0,15.75
671,10,1 1/9 bushel cartons,17.0,18.0,15.75
672,10,1 1/9 bushel cartons,17.0,18.0,15.75
673,10,1 1/9 bushel cartons,17.0,18.0,15.75
674,10,1 1/9 bushel cartons,17.0,18.0,15.75
675,10,1 1/9 bushel cartons,17.0,18.0,15.75
676,10,1 1/9 bushel cartons,17.0,18.0,15.75
677,10,1 1/9 bushel cartons,17.0,18.0,15.75
678,10,1 1/9 bushel cartons,17.0,18.0,15.75
679,10,1 1/9 bushel cartons,17.0,17.0,15.299999999999999
680,10,1 1/9 bushel cartons,17.0,17.0,15.299999999999999
681,10,1 1/9 bushel cartons,17.0,17.0,15.299999999999999
682,10,1 1/9 bushel cartons,17.0,17.0,15.299999999999999
683,10,1 1/9 bushel cartons,17.0,17.0,15.299999999999999
684,10,1 1/9 bushel cartons,17.0,17.0,15.299999999999999
685,11,1 1/9 bushel cartons,17.0,17.0,15.299999999999999
686,11,1 1/9 bushel cartons,17.0,17.0,15.299999999999999
687,11,1 1/9 bushel cartons,17.0,17.0,15.299999999999999
688,11,1 1/9 bushel cartons,17.0,17.0,15.299999999999999
689,11,1 1/9 bushel cartons,17.0,17.0,15.299999999999999
690,11,1 1/9 bushel cartons,17.0,17.0,15.299999999999999
691,11,1 1/9 bushel cartons,17.0,17.0,15.299999999999999
692,11,1 1/9 bushel cartons,17.0,17.0,15.299999999999999
693,11,1 1/9 bushel cartons,17.0,17.0,15.299999999999999
694,11,1 1/9 bushel cartons,17.0,17.0,15.299999999999999
695,11,1 1/9 bushel cartons,17.0,17.0,15.299999999999999
696,12,1 1/9 bushel cartons,17.0,17.0,15.299999999999999
697,12,1 1/9 bushel cartons,17.0,17.0,15.299999999999999
698,12,1 1/9 bushel cartons,17.0,17.0,15.299999999999999
699,12,1 1/9 bushel cartons,17.0,17.0,15.299999999999999
700,8,1 1/9 bushel cartons,20.0,20.0,18.0
701,9,1 1/9 bushel cartons,20.0,20.0,18.0
702,9,1 1/9 bushel cartons,18.0,18.0,16.2
703,9,1 1/9 bushel cartons,20.0,20.0,18.0
704,9,1 1/9 bushel cartons,18.0,18.0,16.2
705,9,1 1/9 bushel cartons,18.0,20.0,17.099999999999998
706,9,1 1/9 bushel cartons,17.0,19.0,16.2
707,9,1 1/9 bushel cartons,18.0,20.0,17.099999999999998
708,9,1 1/9 bushel cartons,17.0,19.0,16.2
709,9,1 1/9 bushel cartons,18.0,20.0,17.099999999999998
710,9,1 1/9 bushel cartons,17.0,19.0,16.2
711,10,1 1/9 bushel cartons,22.5,22.5,20.25
712,10,1 1/9 bushel cartons,22.5,22.5,20.25
713,10,1 1/9 bushel cartons,22.5,22.5,20.25
714,10,1 1/9 bushel cartons,22.5,22.5,20.25
715,11,1 1/9 bushel cartons,22.5,22.5,20.25
716,11,1 1/9 bushel cartons,22.5,22.5,20.25
717,11,1 1/9 bushel cartons,22.5,22.5,20.25
718,11,1 1/9 bushel cartons,22.5,22.5,20.25
719,12,1 1/9 bushel cartons,22.5,22.5,20.25
720,9,24 inch bins,200.0,200.0,200.0
721,10,24 inch bins,200.0,200.0,200.0
722,10,24 inch bins,200.0,200.0,200.0
723,10,24 inch bins,200.0,220.0,210.0
724,10,24 inch bins,180.0,180.0,180.0
725,10,24 inch bins,200.0,220.0,210.0
726,10,24 inch bins,180.0,180.0,180.0
727,10,24 inch bins,200.0,200.0,200.0
728,10,24 inch bins,180.0,180.0,180.0
729,11,24 inch bins,200.0,200.0,200.0
730,11,24 inch bins,180.0,180.0,180.0
731,11,24 inch bins,200.0,200.0,200.0
732,11,24 inch bins,180.0,180.0,180.0
733,11,24 inch bins,200.0,200.0,200.0
734,11,24 inch bins,180.0,180.0,180.0
735,11,24 inch bins,200.0,200.0,200.0
736,12,24 inch bins,200.0,200.0,200.0
737,12,24 inch bins,200.0,200.0,200.0
738,9,36 inch bins,200.0,200.0,200.0
739,9,36 inch bins,200.0,200.0,200.0
740,9,36 inch bins,200.0,215.0,207.5
741,9,36 inch bins,200.0,215.0,207.5
742,9,36 inch bins,200.0,215.0,207.5
743,9,36 inch bins,200.0,215.0,207.5
744,9,36 inch bins,200.0,215.0,207.5
745,9,36 inch bins,200.0,215.0,207.5
746,9,36 inch bins,175.0,175.0,175.0
747,9,36 inch bins,200.0,200.0,200.0
748,9,36 inch bins,200.0,215.0,207.5
749,9,36 inch bins,200.0,215.0,207.5
750,9,36 inch bins,175.0,175.0,175.0
751,9,36 inch bins,225.0,225.0,225.0
752,10,36 inch bins,175.0,225.0,200.0
753,10,36 inch bins,175.0,175.0,175.0
754,10,36 inch bins,175.0,175.0,175.0
755,10,36 inch bins,175.0,175.0,175.0
756,10,36 inch bins,175.0,175.0,175.0
757,11,36 inch bins,175.0,175.0,175.0
758,11,36 inch bins,175.0,175.0,175.0
759,11,36 inch bins,175.0,175.0,175.0
760,9,1/2 bushel cartons,19.0,19.0,38.0
761,9,1/2 bushel cartons,18.0,20.0,38.0
762,9,1/2 bushel cartons,17.0,19.0,36.0
763,9,1/2 bushel cartons,19.0,19.0,38.0
764,9,1/2 bushel cartons,18.0,20.0,38.0
765,9,1/2 bushel cartons,17.0,19.0,36.0
766,9,1/2 bushel cartons,19.0,19.0,38.0
767,9,1/2 bushel cartons,18.0,20.0,38.0
768,9,1/2 bushel cartons,17.0,19.0,36.0
769,9,1/2 bushel cartons,17.0,17.0,34.0
770,9,1/2 bushel cartons,17.0,17.0,34.0
771,9,1/2 bushel cartons,17.0,17.0,34.0
772,9,1/2 bushel cartons,17.0,18.0,35.0
773,9,1/2 bushel cartons,17.0,18.0,35.0
774,10,1/2 bushel cartons,17.0,18.0,35.0
775,10,1/2 bushel cartons,17.0,18.0,35.0
776,10,1/2 bushel cartons,17.0,18.0,35.0
777,10,1/2 bushel cartons,17.0,18.0,35.0
778,10,1/2 bushel cartons,17.0,18.0,35.0
779,10,1/2 bushel cartons,17.0,18.0,35.0
780,10,1/2 bushel cartons,17.0,18.0,35.0
781,10,1/2 bushel cartons,17.0,18.0,35.0
782,10,1/2 bushel cartons,17.0,18.0,35.0
783,10,1/2 bushel cartons,17.0,18.0,35.0
784,10,1/2 bushel cartons,17.0,18.0,35.0
785,10,1/2 bushel cartons,17.0,18.0,35.0
786,10,1/2 bushel cartons,17.0,17.0,34.0
787,10,1/2 bushel cartons,17.0,17.0,34.0
788,10,1/2 bushel cartons,17.0,17.0,34.0
789,10,1/2 bushel cartons,17.0,17.0,34.0
790,10,1/2 bushel cartons,17.0,17.0,34.0
791,10,1/2 bushel cartons,17.0,17.0,34.0
792,10,1/2 bushel cartons,17.0,17.0,34.0
793,10,1/2 bushel cartons,17.0,17.0,34.0
794,11,1/2 bushel cartons,17.0,17.0,34.0
795,11,1/2 bushel cartons,17.0,17.0,34.0
796,11,1/2 bushel cartons,17.0,17.0,34.0
797,11,1/2 bushel cartons,17.0,17.0,34.0
798,11,1/2 bushel cartons,17.0,17.0,34.0
799,11,1/2 bushel cartons,17.0,17.0,34.0
800,11,1/2 bushel cartons,17.0,18.0,35.0
801,11,1/2 bushel cartons,17.0,17.0,34.0
802,11,1/2 bushel cartons,17.0,17.0,34.0
803,11,1/2 bushel cartons,17.0,17.0,34.0
804,11,1/2 bushel cartons,17.0,17.0,34.0
805,11,1/2 bushel cartons,17.0,18.0,35.0
806,9,1/2 bushel cartons,19.0,19.0,38.0
807,9,1/2 bushel cartons,17.0,19.0,36.0
808,9,1/2 bushel cartons,17.0,19.0,36.0
809,9,1/2 bushel cartons,17.0,19.0,36.0
810,10,24 inch bins,120.0,120.0,120.0
811,10,24 inch bins,120.0,120.0,120.0
812,10,24 inch bins,120.0,120.0,120.0
813,9,36 inch bins,150.0,150.0,150.0
814,9,36 inch bins,160.0,160.0,160.0
815,9,36 inch bins,140.0,150.0,145.0
816,9,36 inch bins,140.0,140.0,140.0
817,9,36 inch bins,200.0,200.0,200.0
818,9,36 inch bins,175.0,175.0,175.0
819,9,36 inch bins,150.0,150.0,150.0
820,9,36 inch bins,150.0,150.0,150.0
821,9,36 inch bins,140.0,140.0,140.0
822,9,36 inch bins,140.0,140.0,140.0
823,10,36 inch bins,150.0,150.0,150.0
824,10,36 inch bins,160.0,160.0,160.0
825,10,36 inch bins,140.0,150.0,145.0
826,10,36 inch bins,140.0,140.0,140.0
827,10,36 inch bins,200.0,200.0,200.0
828,10,36 inch bins,165.0,165.0,165.0
829,10,36 inch bins,150.0,150.0,150.0
830,10,36 inch bins,150.0,150.0,150.0
831,10,36 inch bins,125.0,125.0,125.0
832,10,36 inch bins,140.0,140.0,140.0
833,10,36 inch bins,140.0,140.0,140.0
834,10,36 inch bins,150.0,150.0,150.0
835,10,36 inch bins,160.0,160.0,160.0
836,10,36 inch bins,140.0,150.0,145.0
837,10,36 inch bins,140.0,140.0,140.0
838,10,36 inch bins,200.0,200.0,200.0
839,10,36 inch bins,165.0,165.0,165.0
840,10,36 inch bins,150.0,150.0,150.0
841,10,36 inch bins,150.0,150.0,150.0
842,10,36 inch bins,125.0,125.0,125.0
843,10,36 inch bins,140.0,140.0,140.0
844,10,36 inch bins,140.0,140.0,140.0
845,10,36 inch bins,150.0,150.0,150.0
846,10,36 inch bins,160.0,160.0,160.0
847,10,36 inch bins,140.0,150.0,145.0
848,10,36 inch bins,140.0,140.0,140.0
849,10,36 inch bins,200.0,200.0,200.0
850,10,36 inch bins,165.0,190.0,177.5
851,10,36 inch bins,150.0,150.0,150.0
852,10,36 inch bins,150.0,150.0,150.0
853,10,36 inch bins,125.0,125.0,125.0
854,10,36 inch bins,140.0,140.0,140.0
855,10,36 inch bins,140.0,140.0,140.0
856,10,36 inch bins,150.0,150.0,150.0
857,10,36 inch bins,160.0,160.0,160.0
858,10,36 inch bins,140.0,150.0,145.0
859,10,36 inch bins,140.0,140.0,140.0
860,10,36 inch bins,200.0,200.0,200.0
861,10,36 inch bins,190.0,190.0,190.0
862,10,36 inch bins,150.0,150.0,150.0
863,10,36 inch bins,150.0,150.0,150.0
864,10,36 inch bins,125.0,125.0,125.0
865,10,36 inch bins,140.0,140.0,140.0
866,10,36 inch bins,140.0,140.0,140.0
867,10,36 inch bins,150.0,150.0,150.0
868,10,36 inch bins,160.0,160.0,160.0
869,10,36 inch bins,140.0,150.0,145.0
870,10,36 inch bins,140.0,140.0,140.0
871,10,36 inch bins,200.0,200.0,200.0
872,10,36 inch bins,190.0,190.0,190.0
873,10,36 inch bins,150.0,150.0,150.0
874,10,36 inch bins,150.0,150.0,150.0
875,10,36 inch bins,125.0,125.0,125.0
876,10,36 inch bins,140.0,140.0,140.0
877,10,36 inch bins,140.0,140.0,140.0
878,9,36 inch bins,150.0,150.0,150.0
879,9,36 inch bins,150.0,150.0,150.0
880,9,36 inch bins,150.0,150.0,150.0
881,9,36 inch bins,160.0,160.0,160.0
882,9,36 inch bins,150.0,160.0,155.0
883,9,36 inch bins,150.0,150.0,150.0
884,9,36 inch bins,130.0,130.0,130.0
885,9,36 inch bins,150.0,150.0,150.0
886,9,36 inch bins,150.0,150.0,150.0
887,9,36 inch bins,150.0,150.0,150.0
888,9,36 inch bins,150.0,150.0,150.0
889,9,36 inch bins,160.0,160.0,160.0
890,9,36 inch bins,150.0,150.0,150.0
891,9,36 inch bins,150.0,150.0,150.0
892,9,36 inch bins,130.0,130.0,130.0
893,9,36 inch bins,150.0,150.0,150.0
894,9,36 inch bins,150.0,150.0,150.0
895,9,36 inch bins,150.0,150.0,150.0
896,9,36 inch bins,150.0,150.0,150.0
897,9,36 inch bins,160.0,160.0,160.0
898,9,36 inch bins,150.0,150.0,150.0
899,9,36 inch bins,150.0,150.0,150.0
900,9,36 inch bins,130.0,130.0,130.0
901,9,24 inch bins,200.0,200.0,200.0
902,9,24 inch bins,200.0,200.0,200.0
903,9,24 inch bins,200.0,200.0,200.0
904,9,24 inch bins,200.0,200.0,200.0
905,9,24 inch bins,200.0,200.0,200.0
906,9,24 inch bins,200.0,200.0,200.0
907,9,24 inch bins,200.0,200.0,200.0
908,9,24 inch bins,200.0,200.0,200.0
909,9,24 inch bins,170.0,170.0,170.0
910,10,24 inch bins,170.0,170.0,170.0
911,10,24 inch bins,175.0,175.0,175.0
912,10,24 inch bins,170.0,170.0,170.0
913,10,24 inch bins,175.0,175.0,175.0
914,10,24 inch bins,170.0,170.0,170.0
915,10,24 inch bins,175.0,175.0,175.0
916,10,24 inch bins,170.0,170.0,170.0
917,10,24 inch bins,175.0,175.0,175.0
918,10,24 inch bins,170.0,170.0,170.0
919,10,24 inch bins,175.0,175.0,175.0
920,9,24 inch bins,160.0,160.0,160.0
921,9,24 inch bins,160.0,160.0,160.0
922,9,24 inch bins,160.0,175.0,167.5
923,9,24 inch bins,175.0,175.0,175.0
924,9,24 inch bins,175.0,175.0,175.0
925,9,24 inch bins,170.0,170.0,170.0
926,10,24 inch bins,170.0,170.0,170.0
927,10,24 inch bins,175.0,175.0,175.0
928,10,24 inch bins,170.0,170.0,170.0
929,10,24 inch bins,175.0,175.0,175.0
930,10,24 inch bins,170.0,170.0,170.0
931,10,24 inch bins,175.0,175.0,175.0
932,10,24 inch bins,170.0,170.0,170.0
933,10,24 inch bins,175.0,175.0,175.0
934,10,24 inch bins,170.0,170.0,170.0
935,10,24 inch bins,175.0,175.0,175.0
936,9,1 1/9 bushel cartons,20.0,20.0,18.0
937,9,24 inch bins,250.0,250.0,250.0
938,9,24 inch bins,200.0,200.0,200.0
939,10,24 inch bins,250.0,250.0,250.0
940,10,24 inch bins,225.0,225.0,225.0
941,10,24 inch bins,185.0,185.0,185.0
942,10,24 inch bins,250.0,250.0,250.0
943,10,24 inch bins,200.0,200.0,200.0
944,10,24 inch bins,250.0,250.0,250.0
945,10,24 inch bins,225.0,225.0,225.0
946,10,24 inch bins,185.0,185.0,185.0
947,10,24 inch bins,250.0,250.0,250.0
948,10,24 inch bins,200.0,200.0,200.0
949,10,24 inch bins,250.0,250.0,250.0
950,10,24 inch bins,185.0,185.0,185.0
951,10,24 inch bins,225.0,225.0,225.0
952,10,24 inch bins,250.0,250.0,250.0
953,10,24 inch bins,200.0,200.0,200.0
954,10,24 inch bins,250.0,250.0,250.0
955,10,24 inch bins,225.0,225.0,225.0
956,10,24 inch bins,185.0,185.0,185.0
957,10,24 inch bins,250.0,250.0,250.0
958,10,24 inch bins,200.0,200.0,200.0
959,10,24 inch bins,250.0,250.0,250.0
960,10,24 inch bins,185.0,185.0,185.0
961,10,24 inch bins,225.0,225.0,225.0
962,10,24 inch bins,250.0,250.0,250.0
963,10,24 inch bins,200.0,200.0,200.0
964,9,24 inch bins,200.0,200.0,200.0
965,9,24 inch bins,200.0,200.0,200.0
966,9,24 inch bins,200.0,200.0,200.0
967,9,24 inch bins,200.0,200.0,200.0
968,9,24 inch bins,200.0,200.0,200.0
969,9,24 inch bins,200.0,200.0,200.0
970,9,24 inch bins,200.0,200.0,200.0
971,9,24 inch bins,200.0,200.0,200.0
972,10,36 inch bins,200.0,200.0,200.0
973,10,36 inch bins,200.0,200.0,200.0
974,10,36 inch bins,200.0,200.0,200.0
975,10,36 inch bins,200.0,200.0,200.0
976,10,36 inch bins,200.0,200.0,200.0
977,9,bushel cartons,19.0,19.0,19.0
978,10,bushel cartons,19.0,19.0,19.0
979,10,bushel cartons,19.0,19.0,19.0
980,10,bushel cartons,19.0,19.0,19.0
981,10,bushel cartons,19.0,19.0,19.0
982,10,bushel cartons,19.0,19.0,19.0
983,11,bushel cartons,19.0,19.0,19.0
984,9,bushel cartons,20.0,20.0,20.0
985,9,24 inch bins,200.0,200.0,200.0
986,10,24 inch bins,200.0,200.0,200.0
987,10,24 inch bins,200.0,200.0,200.0
988,10,24 inch bins,200.0,200.0,200.0
989,10,24 inch bins,200.0,200.0,200.0
990,10,24 inch bins,200.0,200.0,200.0
991,10,24 inch bins,200.0,200.0,200.0
992,10,24 inch bins,200.0,200.0,200.0
993,10,24 inch bins,200.0,200.0,200.0
994,10,24 inch bins,200.0,200.0,200.0
995,10,24 inch bins,200.0,200.0,200.0
996,9,24 inch bins,170.0,170.0,170.0
997,10,24 inch bins,170.0,170.0,170.0
998,10,24 inch bins,125.0,125.0,125.0
999,10,24 inch bins,170.0,170.0,170.0
1000,10,24 inch bins,125.0,125.0,125.0
1001,10,24 inch bins,170.0,170.0,170.0
1002,10,24 inch bins,125.0,125.0,125.0
1003,10,24 inch bins,170.0,170.0,170.0
1004,10,24 inch bins,125.0,125.0,125.0
1005,10,24 inch bins,170.0,170.0,170.0
1006,10,24 inch bins,125.0,125.0,125.0
1007,9,24 inch bins,200.0,200.0,200.0
1008,10,24 inch bins,200.0,200.0,200.0
1009,10,24 inch bins,200.0,200.0,200.0
1010,10,24 inch bins,200.0,200.0,200.0
1011,10,24 inch bins,200.0,200.0,200.0
1012,10,24 inch bins,200.0,200.0,200.0
1013,9,24 inch bins,200.0,200.0,200.0
1014,9,24 inch bins,200.0,200.0,200.0
1015,9,24 inch bins,200.0,200.0,200.0
1016,9,24 inch bins,200.0,200.0,200.0
1017,9,24 inch bins,200.0,200.0,200.0
1018,9,24 inch bins,200.0,200.0,200.0
1019,9,1/2 bushel cartons,18.0,18.0,36.0
1020,9,1/2 bushel cartons,18.0,18.0,36.0
1021,9,1/2 bushel cartons,18.0,18.0,36.0
1022,10,1/2 bushel cartons,18.0,18.0,36.0
1023,10,1/2 bushel cartons,18.0,18.0,36.0
1024,10,1/2 bushel cartons,18.0,18.0,36.0
1025,10,1/2 bushel cartons,18.0,18.0,36.0
1026,10,1/2 bushel cartons,18.0,18.0,36.0
1027,10,1/2 bushel cartons,18.0,18.0,36.0
1028,10,1/2 bushel cartons,18.0,18.0,36.0
1029,10,1/2 bushel cartons,18.0,18.0,36.0
1030,10,1/2 bushel cartons,18.0,18.0,36.0
1031,10,1/2 bushel cartons,18.0,18.0,36.0
1032,10,1/2 bushel cartons,18.0,18.0,36.0
1033,10,1/2 bushel cartons,18.0,18.0,36.0
1034,10,1/2 bushel cartons,18.0,18.0,36.0
1035,10,1/2 bushel cartons,18.0,18.0,36.0
1036,10,1/2 bushel cartons,18.0,18.0,36.0
1037,9,1/2 bushel cartons,17.0,17.0,34.0
1038,9,1/2 bushel cartons,17.0,17.0,34.0
1039,9,1/2 bushel cartons,17.0,17.0,34.0
1040,9,1/2 bushel cartons,17.0,17.0,34.0
1041,9,1/2 bushel cartons,17.0,17.0,34.0
1042,9,1/2 bushel cartons,17.0,17.0,34.0
1043,9,1/2 bushel cartons,15.0,15.0,30.0
1044,9,1/2 bushel cartons,15.0,15.0,30.0
1045,9,1/2 bushel cartons,15.0,15.0,30.0
1046,9,1/2 bushel cartons,15.0,15.0,30.0
1047,9,1/2 bushel cartons,15.0,15.0,30.0
1048,9,1/2 bushel cartons,15.0,15.0,30.0
1049,9,1/2 bushel cartons,21.0,21.0,42.0
1050,9,1/2 bushel cartons,15.0,15.0,30.0
1051,9,1/2 bushel cartons,15.0,15.0,30.0
1052,9,1/2 bushel cartons,15.0,15.0,30.0
1053,9,24 inch bins,400.0,400.0,400.0
1054,9,24 inch bins,400.0,400.0,400.0
1055,9,24 inch bins,400.0,400.0,400.0
1056,9,bushel cartons,28.0,28.0,28.0
1057,9,bushel cartons,28.0,28.0,28.0
1058,10,bushel cartons,30.0,30.0,30.0
1059,10,bushel cartons,28.0,28.0,28.0
1060,10,bushel cartons,28.0,28.0,28.0
1061,10,bushel cartons,30.0,30.0,30.0
1062,10,bushel cartons,28.0,28.0,28.0
1063,10,bushel cartons,28.0,28.0,28.0
1064,10,bushel cartons,30.0,30.0,30.0
1065,10,bushel cartons,28.0,28.0,28.0
1066,10,bushel cartons,28.0,28.0,28.0
1067,10,bushel cartons,30.0,30.0,30.0
1068,10,bushel cartons,28.0,28.0,28.0
1069,10,bushel cartons,28.0,28.0,28.0
1070,10,bushel cartons,30.0,30.0,30.0
1071,10,bushel cartons,28.0,28.0,28.0
1072,10,bushel cartons,28.0,28.0,28.0
1073,9,24 inch bins,120.0,130.0,125.0
1074,9,24 inch bins,120.0,130.0,125.0
1075,10,24 inch bins,120.0,130.0,125.0
1076,10,24 inch bins,120.0,130.0,125.0
1077,10,24 inch bins,120.0,130.0,125.0
1078,10,24 inch bins,120.0,130.0,125.0
1079,10,24 inch bins,120.0,130.0,125.0
1080,10,24 inch bins,120.0,130.0,125.0
1081,10,24 inch bins,120.0,130.0,125.0
1082,10,24 inch bins,120.0,130.0,125.0
1083,10,24 inch bins,85.0,130.0,107.5
1084,10,24 inch bins,85.0,130.0,107.5
1085,11,24 inch bins,80.0,90.0,85.0
1086,11,24 inch bins,80.0,90.0,85.0
1087,9,36 inch bins,120.0,120.0,120.0
1088,9,36 inch bins,120.0,120.0,120.0
1089,9,36 inch bins,120.0,125.0,122.5
1090,9,36 inch bins,160.0,180.0,170.0
1091,9,36 inch bins,235.0,235.0,235.0
1092,9,36 inch bins,275.0,375.0,325.0
1093,9,bins,125.0,150.0,137.5
1094,9,36 inch bins,0.5,0.5,0.5
1095,9,36 inch bins,0.5,0.5,0.5
1096,9,36 inch bins,0.5,0.5,0.5
1097,9,36 inch bins,250.0,250.0,250.0
1098,9,36 inch bins,0.5,0.5,0.5
1099,8,24 inch bins,0.3,0.3,0.3
1100,8,24 inch bins,0.3,0.3,0.3
1101,9,24 inch bins,0.3,0.3,0.3
1102,9,24 inch bins,0.3,0.3,0.3
1103,9,36 inch bins,0.3,0.3,0.3
1104,9,36 inch bins,0.3,0.3,0.3
1105,9,36 inch bins,0.3,0.3,0.3
1106,9,36 inch bins,0.3,0.3,0.3
1107,9,36 inch bins,250.0,250.0,250.0
1108,9,24 inch bins,0.24,0.24,0.24
1109,10,24 inch bins,0.24,0.24,0.24
1110,10,24 inch bins,0.24,0.24,0.24
1111,10,24 inch bins,0.24,0.24,0.24
1112,10,24 inch bins,0.24,0.24,0.24
1113,10,24 inch bins,0.24,0.24,0.24
1114,9,36 inch bins,250.0,250.0,250.0
1115,9,35 lb cartons,30.0,30.0,30.0
1116,9,35 lb cartons,30.0,30.0,30.0
1117,9,35 lb cartons,30.0,30.0,30.0
1118,9,36 inch bins,0.5,0.85,0.675
1119,10,each,250.0,250.0,250.0
1120,10,each,0.55,0.55,0.55
1121,10,each,250.0,250.0,250.0
1122,10,each,0.55,0.55,0.55
1123,10,each,250.0,250.0,250.0
1124,10,each,0.55,0.55,0.55
1125,10,each,250.0,250.0,250.0
1126,10,each,0.55,0.55,0.55
1127,10,each,250.0,250.0,250.0
1128,10,each,0.55,0.55,0.55
1129,9,35 lb cartons,24.5,24.5,24.5
1130,9,35 lb cartons,24.5,24.5,24.5
1131,9,35 lb cartons,24.5,24.5,24.5
1132,9,35 lb cartons,24.5,24.5,24.5
1133,9,35 lb cartons,24.5,24.5,24.5
1134,9,35 lb cartons,24.5,24.5,24.5
1135,9,36 inch bins,150.0,170.0,160.0
1136,9,36 inch bins,150.0,170.0,160.0
1137,9,36 inch bins,130.0,150.0,140.0
1138,9,36 inch bins,130.0,150.0,140.0
1139,9,36 inch bins,120.0,140.0,130.0
1140,9,36 inch bins,150.0,170.0,160.0
1141,9,36 inch bins,120.0,170.0,145.0
1142,9,36 inch bins,180.0,190.0,185.0
1143,10,36 inch bins,150.0,170.0,160.0
1144,10,36 inch bins,150.0,170.0,160.0
1145,10,36 inch bins,140.0,140.0,140.0
1146,10,36 inch bins,140.0,140.0,140.0
1147,10,36 inch bins,150.0,170.0,160.0
1148,10,36 inch bins,160.0,170.0,165.0
1149,10,36 inch bins,160.0,180.0,170.0
1150,10,36 inch bins,175.0,175.0,175.0
1151,10,36 inch bins,140.0,150.0,145.0
1152,10,36 inch bins,160.0,160.0,160.0
1153,10,36 inch bins,120.0,140.0,130.0
1154,10,36 inch bins,120.0,130.0,125.0
1155,10,36 inch bins,160.0,160.0,160.0
1156,10,36 inch bins,120.0,130.0,125.0
1157,10,36 inch bins,160.0,160.0,160.0
1158,10,36 inch bins,120.0,130.0,125.0
1159,10,36 inch bins,130.0,130.0,130.0
1160,11,36 inch bins,100.0,150.0,125.0
1161,9,36 inch bins,140.0,150.0,145.0
1162,9,36 inch bins,140.0,160.0,150.0
1163,9,36 inch bins,150.0,150.0,150.0
1164,9,36 inch bins,160.0,180.0,170.0
1165,9,36 inch bins,160.0,180.0,170.0
1166,9,36 inch bins,140.0,150.0,145.0
1167,9,36 inch bins,150.0,150.0,150.0
1168,9,36 inch bins,160.0,180.0,170.0
1169,9,36 inch bins,160.0,180.0,170.0
1170,9,36 inch bins,130.0,150.0,140.0
1171,9,36 inch bins,150.0,150.0,150.0
1172,9,36 inch bins,140.0,180.0,160.0
1173,9,36 inch bins,140.0,180.0,160.0
1174,9,1 1/9 bushel cartons,16.0,18.0,15.299999999999999
1175,10,1 1/9 bushel cartons,16.0,18.0,15.299999999999999
1176,10,1 1/9 bushel cartons,16.0,18.0,15.299999999999999
1177,10,1 1/9 bushel cartons,16.0,18.0,15.299999999999999
1178,10,1 1/9 bushel cartons,16.0,18.0,15.299999999999999
1179,10,1 1/9 bushel cartons,16.0,18.0,15.299999999999999
1180,11,1 1/9 bushel cartons,16.0,18.0,15.299999999999999
1181,9,24 inch bins,130.0,150.0,140.0
1182,10,24 inch bins,130.0,140.0,135.0
1183,10,24 inch bins,120.0,140.0,130.0
1184,10,24 inch bins,180.0,200.0,190.0
1185,10,24 inch bins,180.0,200.0,190.0
1186,10,24 inch bins,120.0,130.0,125.0
1187,10,24 inch bins,130.0,130.0,130.0
1188,10,24 inch bins,120.0,130.0,125.0
1189,10,24 inch bins,130.0,130.0,130.0
1190,10,24 inch bins,120.0,130.0,125.0
1191,10,24 inch bins,130.0,130.0,130.0
1192,9,24 inch bins,250.0,250.0,250.0
1193,9,24 inch bins,135.0,140.0,137.5
1194,9,24 inch bins,180.0,200.0,190.0
1195,9,24 inch bins,120.0,150.0,135.0
1196,9,24 inch bins,140.0,140.0,140.0
1197,9,24 inch bins,120.0,140.0,130.0
1198,9,24 inch bins,140.0,140.0,140.0
1199,9,24 inch bins,120.0,140.0,130.0
1200,9,24 inch bins,150.0,150.0,150.0
1201,9,24 inch bins,140.0,140.0,140.0
1202,9,36 inch bins,200.0,225.0,212.5
1203,10,36 inch bins,200.0,225.0,212.5
1204,10,36 inch bins,260.0,300.0,280.0
1205,10,36 inch bins,260.0,260.0,260.0
1206,10,36 inch bins,220.0,220.0,220.0
1207,10,36 inch bins,260.0,260.0,260.0
1208,10,36 inch bins,260.0,260.0,260.0
1209,9,36 inch bins,200.0,200.0,200.0
1210,9,36 inch bins,200.0,200.0,200.0
1211,9,36 inch bins,200.0,265.0,232.5
1212,9,bushel cartons,18.0,20.0,19.0
1213,9,bushel cartons,18.0,20.0,19.0
1214,9,bushel cartons,18.0,20.0,19.0
1215,9,bushel cartons,18.0,20.0,19.0
1216,10,36 inch bins,120.0,140.0,130.0
1217,9,each,75.0,80.0,77.5
1218,10,each,75.0,80.0,77.5
1219,10,24 inch bins,200.0,200.0,200.0
1220,9,1/2 bushel cartons,15.0,18.0,33.0
1221,9,1/2 bushel cartons,20.0,20.0,40.0
1222,10,1/2 bushel cartons,15.0,18.0,33.0
1223,10,1/2 bushel cartons,20.0,20.0,40.0
1224,10,1/2 bushel cartons,18.0,18.0,36.0
1225,10,1/2 bushel cartons,20.0,20.0,40.0
1226,10,1/2 bushel cartons,15.0,18.0,33.0
1227,10,1/2 bushel cartons,18.0,20.0,38.0
1228,10,1/2 bushel cartons,18.0,20.0,38.0
1229,10,1/2 bushel cartons,15.0,18.0,33.0
1230,10,1/2 bushel cartons,15.0,16.0,31.0
1231,10,1/2 bushel cartons,18.0,18.0,36.0
1232,11,1/2 bushel cartons,15.0,16.0,31.0
1233,11,1/2 bushel cartons,18.0,18.0,36.0
1234,10,1 1/9 bushel crates,18.0,18.0,16.2
1235,10,1 1/9 bushel crates,18.0,18.0,16.2
1236,9,1/2 bushel cartons,24.0,24.0,48.0
1237,9,1/2 bushel cartons,18.0,18.0,36.0
1238,9,1/2 bushel cartons,16.0,20.0,36.0
1239,9,1/2 bushel cartons,24.0,24.0,48.0
1240,9,1/2 bushel cartons,16.0,18.0,34.0
1241,9,1/2 bushel cartons,16.0,18.0,34.0
1242,9,bushel cartons,32.0,32.0,32.0
1243,10,1 1/9 bushel crates,18.0,18.0,16.2
1244,10,1 1/9 bushel crates,18.0,18.0,16.2
1245,10,1 1/9 bushel crates,18.0,18.0,16.2
1246,10,1 1/9 bushel crates,18.0,18.0,16.2
1247,9,24 inch bins,95.0,95.0,95.0
1248,9,24 inch bins,94.0,95.0,94.5
1249,9,24 inch bins,95.0,95.0,95.0
1250,9,24 inch bins,94.0,95.0,94.5
1251,9,bins,175.0,175.0,175.0
1252,9,bins,95.0,95.0,95.0
1253,9,bins,175.0,175.0,175.0
1254,9,bins,95.0,95.0,95.0
1255,10,24 inch bins,100.0,100.0,100.0
1256,10,24 inch bins,100.0,100.0,100.0
1257,10,1 1/9 bushel cartons,12.0,12.0,10.799999999999999
1258,10,1 1/9 bushel cartons,12.0,12.0,10.799999999999999
1259,11,1 1/9 bushel cartons,12.0,12.0,10.799999999999999
1260,9,1 1/9 bushel cartons,22.0,22.0,19.8
1261,9,1 1/9 bushel cartons,20.0,20.0,18.0
1262,9,1 1/9 bushel cartons,22.0,22.0,19.8
1263,9,1 1/9 bushel cartons,15.0,20.0,15.75
1264,9,1 1/9 bushel cartons,15.0,15.0,13.5
1265,9,24 inch bins,150.0,150.0,150.0
1266,9,24 inch bins,175.0,175.0,175.0
1267,10,24 inch bins,150.0,150.0,150.0
1268,10,24 inch bins,175.0,175.0,175.0
1269,10,24 inch bins,100.0,115.0,107.5
1270,10,24 inch bins,150.0,150.0,150.0
1271,10,24 inch bins,100.0,115.0,107.5
1272,10,24 inch bins,150.0,150.0,150.0
1273,10,24 inch bins,115.0,120.0,117.5
1274,10,24 inch bins,150.0,150.0,150.0
1275,10,24 inch bins,115.0,120.0,117.5
1276,10,24 inch bins,150.0,150.0,150.0
1277,11,24 inch bins,115.0,120.0,117.5
1278,11,24 inch bins,150.0,150.0,150.0
1279,9,24 inch bins,149.0,150.0,149.5
1280,9,24 inch bins,149.0,150.0,149.5
1281,9,bins,175.0,175.0,175.0
1282,9,bins,175.0,175.0,175.0
1283,9,1 1/9 bushel cartons,20.0,20.0,18.0
1284,9,1 1/9 bushel cartons,20.0,20.0,18.0
1285,9,24 inch bins,150.0,150.0,150.0
1286,10,24 inch bins,150.0,150.0,150.0
1287,10,24 inch bins,150.0,150.0,150.0
1288,10,24 inch bins,150.0,150.0,150.0
1289,10,24 inch bins,135.0,135.0,135.0
1290,10,24 inch bins,135.0,135.0,135.0
1291,9,24 inch bins,160.0,225.0,192.5
1292,9,24 inch bins,160.0,225.0,192.5
1293,9,24 inch bins,160.0,225.0,192.5
1294,9,24 inch bins,160.0,160.0,160.0
1295,9,24 inch bins,150.0,150.0,150.0
1296,9,24 inch bins,150.0,150.0,150.0
1297,10,24 inch bins,150.0,160.0,155.0
1298,10,24 inch bins,125.0,150.0,137.5
1299,10,24 inch bins,125.0,150.0,137.5
1300,10,24 inch bins,150.0,150.0,150.0
1301,10,24 inch bins,125.0,150.0,137.5
1302,10,24 inch bins,125.0,125.0,125.0
1303,10,24 inch bins,150.0,150.0,150.0
1304,10,24 inch bins,125.0,150.0,137.5
1305,10,24 inch bins,125.0,125.0,125.0
1306,10,24 inch bins,150.0,150.0,150.0
1307,10,24 inch bins,125.0,150.0,137.5
1308,10,24 inch bins,125.0,125.0,125.0
1309,10,24 inch bins,115.0,120.0,117.5
1310,10,24 inch bins,100.0,120.0,110.0
1311,10,24 inch bins,120.0,120.0,120.0
1312,11,24 inch bins,115.0,115.0,115.0
1313,11,24 inch bins,100.0,100.0,100.0
1314,11,24 inch bins,120.0,120.0,120.0
1315,9,24 inch bins,160.0,160.0,160.0
1316,9,24 inch bins,150.0,160.0,155.0
1317,9,24 inch bins,170.0,170.0,170.0
1318,9,24 inch bins,160.0,160.0,160.0
1319,9,24 inch bins,150.0,160.0,155.0
1320,9,24 inch bins,170.0,170.0,170.0
1321,9,24 inch bins,170.0,170.0,170.0
1322,9,24 inch bins,125.0,160.0,142.5
1323,9,24 inch bins,125.0,160.0,142.5
1324,9,24 inch bins,125.0,160.0,142.5
1325,9,36 inch bins,170.0,170.0,170.0
1326,10,36 inch bins,160.0,170.0,165.0
1327,10,36 inch bins,160.0,160.0,160.0
1328,10,36 inch bins,160.0,160.0,160.0
1329,10,36 inch bins,160.0,160.0,160.0
1330,10,36 inch bins,120.0,140.0,130.0
1331,11,36 inch bins,120.0,120.0,120.0
1332,9,36 inch bins,165.0,165.0,165.0
1333,9,36 inch bins,150.0,150.0,150.0
1334,9,36 inch bins,165.0,165.0,165.0
1335,9,36 inch bins,150.0,150.0,150.0
1336,9,36 inch bins,150.0,150.0,150.0
1337,9,36 inch bins,165.0,165.0,165.0
1338,9,36 inch bins,150.0,150.0,150.0
1339,9,36 inch bins,150.0,150.0,150.0
1340,9,24 inch bins,160.0,160.0,160.0
1341,10,24 inch bins,150.0,160.0,155.0
1342,10,24 inch bins,150.0,150.0,150.0
1343,10,24 inch bins,150.0,150.0,150.0
1344,10,24 inch bins,150.0,150.0,150.0
1345,10,24 inch bins,120.0,120.0,120.0
1346,11,24 inch bins,120.0,120.0,120.0
1347,9,36 inch bins,170.0,170.0,170.0
1348,10,36 inch bins,160.0,170.0,165.0
1349,10,36 inch bins,160.0,160.0,160.0
1350,10,36 inch bins,160.0,160.0,160.0
1351,10,36 inch bins,160.0,160.0,160.0
1352,10,36 inch bins,140.0,140.0,140.0
1353,11,36 inch bins,140.0,140.0,140.0
1354,9,24 inch bins,160.0,160.0,160.0
1355,10,24 inch bins,150.0,160.0,155.0
1356,10,24 inch bins,150.0,150.0,150.0
1357,10,24 inch bins,150.0,150.0,150.0
1358,10,24 inch bins,150.0,150.0,150.0
1359,10,24 inch bins,120.0,120.0,120.0
1360,11,24 inch bins,120.0,120.0,120.0
1361,9,36 inch bins,170.0,170.0,170.0
1362,10,36 inch bins,160.0,170.0,165.0
1363,10,36 inch bins,160.0,160.0,160.0
1364,10,36 inch bins,160.0,160.0,160.0
1365,10,36 inch bins,160.0,160.0,160.0
1366,10,36 inch bins,140.0,140.0,140.0
1367,11,36 inch bins,140.0,140.0,140.0
1368,9,24 inch bins,160.0,160.0,160.0
1369,10,24 inch bins,150.0,250.0,200.0
1370,10,24 inch bins,150.0,150.0,150.0
1371,10,24 inch bins,250.0,250.0,250.0
1372,10,24 inch bins,150.0,150.0,150.0
1373,10,24 inch bins,250.0,250.0,250.0
1374,10,24 inch bins,150.0,150.0,150.0
1375,10,24 inch bins,250.0,250.0,250.0
1376,10,24 inch bins,150.0,150.0,150.0
1377,10,24 inch bins,200.0,200.0,200.0
1378,11,24 inch bins,200.0,200.0,200.0
1379,11,24 inch bins,175.0,175.0,175.0
1380,9,24 inch bins,225.0,225.0,225.0
1381,9,36 inch bins,160.0,160.0,160.0
1382,10,36 inch bins,160.0,160.0,160.0
1383,10,36 inch bins,160.0,160.0,160.0
1384,10,36 inch bins,160.0,160.0,160.0
1385,10,36 inch bins,160.0,160.0,160.0
1386,10,36 inch bins,140.0,140.0,140.0
1387,11,36 inch bins,140.0,140.0,140.0
1388,10,20 lb cartons,20.0,20.0,20.0
1389,10,20 lb cartons,20.0,21.0,20.5
1390,10,20 lb cartons,20.0,21.0,20.5
1391,10,20 lb cartons,20.0,21.0,20.5
1392,10,20 lb cartons,20.0,21.0,20.5
1393,11,20 lb cartons,20.0,21.0,20.5
1394,10,24 inch bins,100.0,100.0,100.0
1395,10,24 inch bins,100.0,100.0,100.0
1396,10,24 inch bins,100.0,100.0,100.0
1397,9,24 inch bins,225.0,225.0,225.0
1398,9,24 inch bins,225.0,225.0,225.0
1399,9,24 inch bins,225.0,225.0,225.0
1400,9,36 inch bins,300.0,300.0,300.0
1401,10,36 inch bins,300.0,300.0,300.0
1402,10,36 inch bins,300.0,300.0,300.0
1403,10,36 inch bins,300.0,300.0,300.0
1404,10,36 inch bins,300.0,300.0,300.0
1405,10,36 inch bins,250.0,250.0,250.0
1406,11,36 inch bins,250.0,250.0,250.0
1407,9,36 inch bins,250.0,250.0,250.0
1408,9,36 inch bins,250.0,250.0,250.0
1409,9,36 inch bins,250.0,250.0,250.0
1410,9,50 lb cartons,30.0,32.0,31.0
1411,10,50 lb cartons,30.0,30.0,30.0
1412,10,50 lb cartons,30.0,31.0,30.5
1413,10,50 lb cartons,30.0,31.0,30.5
1414,10,50 lb cartons,30.0,31.0,30.5
1415,10,50 lb cartons,24.0,24.0,24.0
1416,11,50 lb cartons,24.0,24.0,24.0
1417,9,50 lb sacks,35.0,35.0,35.0
1418,9,50 lb sacks,35.0,35.0,35.0
1419,9,each,60.0,60.0,60.0
1420,9,each,60.0,60.0,60.0
1421,9,each,60.0,60.0,60.0
1422,10,24 inch bins,150.0,150.0,150.0
1423,10,24 inch bins,150.0,150.0,150.0
1424,10,24 inch bins,150.0,150.0,150.0
1425,10,24 inch bins,150.0,150.0,150.0
1426,10,24 inch bins,120.0,120.0,120.0
1427,11,24 inch bins,120.0,120.0,120.0
1428,11,36 inch bins,120.0,120.0,120.0
1429,11,36 inch bins,160.0,160.0,160.0
1430,11,36 inch bins,230.0,230.0,230.0
1431,9,24 inch bins,155.0,155.0,155.0
1432,10,24 inch bins,155.0,155.0,155.0
1433,10,24 inch bins,155.0,155.0,155.0
1434,10,24 inch bins,135.0,135.0,135.0
1435,10,24 inch bins,135.0,150.0,142.5
1436,10,24 inch bins,135.0,135.0,135.0
1437,10,24 inch bins,120.0,150.0,135.0
1438,10,24 inch bins,120.0,150.0,135.0
1439,10,24 inch bins,120.0,145.0,132.5
1440,10,24 inch bins,120.0,145.0,132.5
1441,10,24 inch bins,120.0,150.0,135.0
1442,10,24 inch bins,120.0,145.0,132.5
1443,10,24 inch bins,120.0,145.0,132.5
1444,10,24 inch bins,110.0,150.0,130.0
1445,10,24 inch bins,100.0,145.0,122.5
1446,11,24 inch bins,120.0,120.0,120.0
1447,11,24 inch bins,110.0,120.0,115.0
1448,11,24 inch bins,100.0,120.0,110.0
1449,11,24 inch bins,120.0,120.0,120.0
1450,11,24 inch bins,110.0,120.0,115.0
1451,10,24 inch bins,440.0,440.0,440.0
1452,10,36 inch bins,135.0,150.0,142.5
1453,10,36 inch bins,135.0,150.0,142.5
1454,10,36 inch bins,135.0,150.0,142.5
1455,10,36 inch bins,135.0,150.0,142.5
1456,10,36 inch bins,135.0,150.0,142.5
1457,10,36 inch bins,135.0,150.0,142.5
1458,9,36 inch bins,140.0,140.0,140.0
1459,9,36 inch bins,140.0,175.0,157.5
1460,9,36 inch bins,175.0,175.0,175.0
1461,9,36 inch bins,120.0,120.0,120.0
1462,9,36 inch bins,120.0,120.0,120.0
1463,9,36 inch bins,120.0,120.0,120.0
1464,9,36 inch bins,120.0,135.0,127.5
1465,9,36 inch bins,120.0,135.0,127.5
1466,9,36 inch bins,200.0,200.0,200.0
1467,9,36 inch bins,120.0,120.0,120.0
1468,9,36 inch bins,255.0,255.0,255.0
1469,9,36 inch bins,185.0,255.0,220.0
1470,9,36 inch bins,185.0,200.0,192.5
1471,10,24 inch bins,300.0,300.0,300.0
1472,10,24 inch bins,300.0,300.0,300.0
1473,9,36 inch bins,185.0,200.0,192.5
1474,10,24 inch bins,350.0,350.0,350.0
1475,10,24 inch bins,480.0,480.0,480.0
1476,10,24 inch bins,350.0,350.0,350.0
1477,11,24 inch bins,350.0,350.0,350.0
1478,11,24 inch bins,350.0,350.0,350.0
1479,9,35 lb cartons,30.0,32.0,31.0
1480,9,35 lb cartons,32.0,32.0,32.0
1481,10,35 lb cartons,31.5,32.0,31.75
1482,10,35 lb cartons,29.0,30.0,29.5
1483,10,35 lb cartons,31.5,31.5,31.5
1484,10,35 lb cartons,29.0,29.0,29.0
1485,10,35 lb cartons,28.0,31.5,29.75
1486,10,35 lb cartons,29.0,30.0,29.5
1487,10,35 lb cartons,28.0,28.0,28.0
1488,10,35 lb cartons,30.0,30.0,30.0
1489,10,35 lb cartons,28.0,28.0,28.0
1490,10,35 lb cartons,30.0,35.0,32.5
1491,11,35 lb cartons,24.5,28.0,26.25
1492,11,35 lb cartons,35.0,35.0,35.0
1493,11,35 lb cartons,24.0,24.0,24.0
1494,11,35 lb cartons,24.0,24.5,24.25
1495,11,35 lb cartons,30.0,30.0,30.0
1496,11,35 lb cartons,24.0,24.0,24.0
1497,12,35 lb cartons,24.0,24.0,24.0
1498,12,35 lb cartons,24.0,24.0,24.0
1499,1,35 lb cartons,25.0,25.0,25.0
1500,1,35 lb cartons,25.0,25.0,25.0
1501,9,35 lb cartons,36.0,36.0,36.0
1502,9,35 lb cartons,36.0,36.0,36.0
1503,9,35 lb cartons,33.0,36.0,34.5
1504,9,35 lb cartons,32.75,36.0,34.375
1505,9,35 lb cartons,32.75,33.5,33.125
1506,9,36 inch bins,260.0,260.0,260.0
1507,9,36 inch bins,260.0,260.0,260.0
1508,9,36 inch bins,260.0,260.0,260.0
1509,9,36 inch bins,440.0,440.0,440.0
1510,9,36 inch bins,440.0,440.0,440.0
1511,10,50 lb cartons,32.0,33.0,32.5
1512,10,50 lb cartons,32.0,34.0,33.0
1513,10,50 lb cartons,30.0,34.0,32.0
1514,10,bushel cartons,16.0,18.0,17.0
1515,10,bushel cartons,16.0,18.0,17.0
1516,10,bushel cartons,16.0,18.0,17.0
1517,11,bushel cartons,16.0,18.0,17.0
1518,11,bushel cartons,16.0,18.0,17.0
1519,9,36 inch bins,200.0,200.0,200.0
1520,10,24 inch bins,140.0,140.0,140.0
1521,10,24 inch bins,140.0,140.0,140.0
1522,10,24 inch bins,140.0,140.0,140.0
1523,10,each,65.0,80.0,72.5
1524,11,each,65.0,80.0,72.5
1525,10,24 inch bins,160.0,175.0,167.5
1526,10,24 inch bins,160.0,160.0,160.0
1527,10,24 inch bins,160.0,160.0,160.0
1528,10,24 inch bins,160.0,160.0,160.0
1529,10,24 inch bins,140.0,160.0,150.0
1530,11,24 inch bins,140.0,160.0,150.0
1531,9,36 inch bins,200.0,200.0,200.0
1532,9,36 inch bins,200.0,200.0,200.0
1533,9,1/2 bushel cartons,20.0,26.0,46.0
1534,10,1/2 bushel cartons,20.0,20.0,40.0
1535,10,1/2 bushel cartons,20.0,20.0,40.0
1536,10,1/2 bushel cartons,20.0,20.0,40.0
1537,10,1/2 bushel cartons,20.0,22.0,42.0
1538,10,1/2 bushel cartons,20.0,22.0,42.0
1539,10,1/2 bushel cartons,20.0,22.0,42.0
1540,10,1/2 bushel cartons,20.0,22.0,42.0
1541,10,1/2 bushel cartons,20.0,22.0,42.0
1542,10,1/2 bushel cartons,20.0,22.0,42.0
1543,10,1/2 bushel cartons,20.0,22.0,42.0
1544,10,1/2 bushel cartons,20.0,22.0,42.0
1545,10,1/2 bushel cartons,20.0,22.0,42.0
1546,10,1/2 bushel cartons,20.0,20.0,40.0
1547,10,1/2 bushel cartons,20.0,20.0,40.0
1548,10,1/2 bushel cartons,20.0,20.0,40.0
1549,11,1/2 bushel cartons,20.0,20.0,40.0
1550,11,1/2 bushel cartons,20.0,20.0,40.0
1551,11,1/2 bushel cartons,20.0,20.0,40.0
1552,11,1/2 bushel cartons,20.0,20.0,40.0
1553,11,1/2 bushel cartons,20.0,20.0,40.0
1554,9,35 lb cartons,24.0,24.0,24.0
1555,9,35 lb cartons,24.0,24.0,24.0
1556,9,35 lb cartons,24.0,24.0,24.0
1557,10,40 lb cartons,30.0,35.0,32.5
1558,10,40 lb cartons,30.0,35.0,32.5
1559,10,40 lb cartons,30.0,35.0,32.5
1560,10,40 lb cartons,30.0,35.0,32.5
1561,10,40 lb cartons,30.0,35.0,32.5
1562,10,40 lb cartons,30.0,35.0,32.5
1563,10,40 lb cartons,30.0,35.0,32.5
1564,10,40 lb cartons,30.0,35.0,32.5
1565,10,40 lb cartons,30.0,30.0,30.0
1566,10,40 lb cartons,30.0,30.0,30.0
1567,11,40 lb cartons,30.0,30.0,30.0
1568,11,40 lb cartons,30.0,30.0,30.0
1569,10,bushel baskets,25.0,48.0,36.5
1570,10,bushel baskets,45.0,48.0,46.5
1571,10,bushel baskets,45.0,48.0,46.5
1572,10,bushel baskets,45.0,48.0,46.5
1573,10,bushel baskets,45.0,48.0,46.5
1574,11,bushel baskets,45.0,45.0,45.0
1575,9,bushel baskets,48.0,48.0,48.0
1576,9,bushel baskets,48.0,55.0,51.5
1577,9,bushel baskets,46.0,48.0,47.0
1578,9,bushel baskets,46.0,55.0,50.5
1579,9,1/2 bushel cartons,20.0,26.0,46.0
1580,10,1/2 bushel cartons,20.0,20.0,40.0
1581,10,1/2 bushel cartons,20.0,22.0,42.0
1582,10,1/2 bushel cartons,20.0,22.0,42.0
1583,10,1/2 bushel cartons,20.0,22.0,42.0
1584,10,1/2 bushel cartons,20.0,22.0,42.0
1585,11,1/2 bushel cartons,20.0,22.0,42.0
1586,11,1/2 bushel cartons,20.0,22.0,42.0
1587,9,35 lb cartons,26.5,26.5,26.5
1588,9,35 lb cartons,25.5,26.5,26.0
1589,9,35 lb cartons,22.0,26.5,24.25
1590,9,40 lb cartons,35.0,35.0,35.0
1591,10,40 lb cartons,30.0,35.0,32.5
1592,10,40 lb cartons,30.0,35.0,32.5
1593,10,40 lb cartons,30.0,35.0,32.5
1594,10,40 lb cartons,30.0,35.0,32.5
1595,10,40 lb cartons,30.0,30.0,30.0
1596,11,40 lb cartons,30.0,30.0,30.0
1597,9,24 inch bins,140.0,150.0,145.0
1598,9,36 inch bins,150.0,150.0,150.0
1599,9,36 inch bins,150.0,150.0,150.0
1600,9,36 inch bins,150.0,160.0,155.0
1601,10,36 inch bins,140.0,140.0,140.0
1602,10,36 inch bins,140.0,140.0,140.0
1603,10,36 inch bins,120.0,120.0,120.0
1604,10,36 inch bins,140.0,155.0,147.5
1605,10,36 inch bins,120.0,120.0,120.0
1606,10,36 inch bins,120.0,125.0,122.5
1607,10,36 inch bins,100.0,125.0,112.5
1608,10,36 inch bins,130.0,140.0,135.0
1609,10,36 inch bins,120.0,120.0,120.0
1610,10,36 inch bins,130.0,140.0,135.0
1611,10,36 inch bins,100.0,120.0,110.0
1612,10,36 inch bins,130.0,140.0,135.0
1613,10,36 inch bins,120.0,120.0,120.0
1614,10,36 inch bins,130.0,140.0,135.0
1615,10,36 inch bins,100.0,120.0,110.0
1616,9,36 inch bins,120.0,120.0,120.0
1617,9,36 inch bins,120.0,150.0,135.0
1618,9,36 inch bins,140.0,140.0,140.0
1619,9,36 inch bins,150.0,150.0,150.0
1620,9,36 inch bins,120.0,150.0,135.0
1621,9,36 inch bins,140.0,150.0,145.0
1622,9,36 inch bins,140.0,150.0,145.0
1623,9,36 inch bins,140.0,140.0,140.0
1624,9,36 inch bins,140.0,140.0,140.0
1625,10,1 1/9 bushel cartons,12.0,14.0,11.7
1626,10,1 1/9 bushel cartons,12.0,12.0,10.799999999999999
1627,10,1 1/9 bushel cartons,12.0,12.0,10.799999999999999
1628,8,1 1/9 bushel cartons,18.0,20.0,17.099999999999998
1629,9,1 1/9 bushel cartons,18.0,18.0,16.2
1630,9,1 1/9 bushel cartons,18.0,22.0,18.0
1631,10,24 inch bins,250.0,250.0,250.0
1632,10,24 inch bins,140.0,140.0,140.0
1633,10,24 inch bins,140.0,150.0,145.0
1634,10,24 inch bins,75.0,100.0,87.5
1635,10,24 inch bins,140.0,150.0,145.0
1636,10,24 inch bins,75.0,100.0,87.5
1637,9,24 inch bins,180.0,180.0,180.0
1638,9,24 inch bins,140.0,140.0,140.0
1639,9,24 inch bins,180.0,180.0,180.0
1640,9,24 inch bins,140.0,140.0,140.0
1641,10,24 inch bins,210.0,210.0,210.0
1642,9,1/2 bushel cartons,17.0,18.0,35.0
1643,10,1/2 bushel cartons,18.0,18.0,36.0
1644,10,1/2 bushel cartons,17.0,18.0,35.0
1645,10,1/2 bushel cartons,15.0,15.0,30.0
1646,10,1/2 bushel cartons,15.0,18.0,33.0
1647,10,1/2 bushel cartons,16.0,18.0,34.0
1648,10,1/2 bushel cartons,16.0,18.0,34.0
1649,11,1/2 bushel cartons,16.0,18.0,34.0
1650,8,1/2 bushel cartons,18.0,20.0,38.0
1651,9,1/2 bushel cartons,16.0,16.0,32.0
1652,9,1/2 bushel cartons,15.0,16.0,31.0
1653,9,1/2 bushel cartons,15.0,18.0,33.0
1654,9,24 inch bins,105.0,105.0,105.0
1655,9,24 inch bins,105.0,105.0,105.0
1656,9,24 inch bins,105.0,105.0,105.0
1657,9,24 inch bins,105.0,105.0,105.0
1658,9,24 inch bins,105.0,105.0,105.0
1659,9,24 inch bins,105.0,105.0,105.0
1660,9,24 inch bins,105.0,105.0,105.0
1661,9,24 inch bins,105.0,105.0,105.0
1662,9,24 inch bins,105.0,105.0,105.0
1663,9,24 inch bins,105.0,105.0,105.0
1664,9,36 inch bins,125.0,135.0,130.0
1665,9,36 inch bins,135.0,135.0,135.0
1666,9,36 inch bins,125.0,135.0,130.0
1667,9,36 inch bins,125.0,125.0,125.0
1668,9,36 inch bins,125.0,125.0,125.0
1669,9,36 inch bins,125.0,125.0,125.0
1670,9,36 inch bins,125.0,135.0,130.0
1671,9,36 inch bins,135.0,135.0,135.0
1672,9,36 inch bins,125.0,135.0,130.0
1673,9,36 inch bins,125.0,125.0,125.0
1674,9,36 inch bins,125.0,125.0,125.0
1675,9,36 inch bins,125.0,125.0,125.0
1676,9,36 inch bins,125.0,135.0,130.0
1677,9,36 inch bins,135.0,135.0,135.0
1678,9,36 inch bins,125.0,135.0,130.0
1679,9,36 inch bins,125.0,125.0,125.0
1680,9,36 inch bins,125.0,125.0,125.0
1681,9,36 inch bins,125.0,125.0,125.0
1682,9,36 inch bins,125.0,135.0,130.0
1683,9,36 inch bins,135.0,135.0,135.0
1684,9,36 inch bins,125.0,135.0,130.0
1685,9,36 inch bins,125.0,125.0,125.0
1686,9,36 inch bins,125.0,125.0,125.0
1687,9,36 inch bins,125.0,125.0,125.0
1688,9,36 inch bins,115.0,125.0,120.0
1689,9,36 inch bins,115.0,115.0,115.0
1690,9,36 inch bins,115.0,125.0,120.0
1691,9,36 inch bins,115.0,115.0,115.0
1692,9,36 inch bins,115.0,115.0,115.0
1693,9,36 inch bins,115.0,115.0,115.0
1694,9,24 inch bins,150.0,150.0,150.0
1695,9,24 inch bins,150.0,150.0,150.0
1696,9,24 inch bins,150.0,150.0,150.0
1697,9,24 inch bins,150.0,150.0,150.0
1698,9,24 inch bins,150.0,150.0,150.0
1699,9,24 inch bins,175.0,175.0,175.0
1700,9,24 inch bins,175.0,175.0,175.0
1701,9,24 inch bins,175.0,175.0,175.0
1702,9,24 inch bins,175.0,175.0,175.0
1703,9,24 inch bins,175.0,175.0,175.0
1704,9,36 inch bins,275.0,275.0,275.0
1705,9,36 inch bins,275.0,275.0,275.0
1706,9,36 inch bins,275.0,275.0,275.0
1707,9,36 inch bins,275.0,275.0,275.0
1708,9,36 inch bins,150.0,150.0,150.0
1709,9,24 inch bins,100.0,100.0,100.0
1710,9,24 inch bins,135.0,135.0,135.0
1711,9,24 inch bins,100.0,100.0,100.0
1712,9,24 inch bins,135.0,135.0,135.0
1713,9,24 inch bins,100.0,100.0,100.0
1714,9,24 inch bins,135.0,135.0,135.0
1715,9,24 inch bins,100.0,100.0,100.0
1716,9,24 inch bins,135.0,135.0,135.0
1717,9,24 inch bins,100.0,100.0,100.0
1718,9,24 inch bins,135.0,135.0,135.0
1719,9,1/2 bushel cartons,15.0,15.0,30.0
1720,9,1/2 bushel cartons,15.0,15.0,30.0
1721,9,1/2 bushel cartons,15.75,15.75,31.5
1722,9,1/2 bushel cartons,12.5,12.5,25.0
1723,9,1/2 bushel cartons,15.0,15.0,30.0
1724,9,1/2 bushel cartons,15.0,15.0,30.0
1725,9,1/2 bushel cartons,15.0,15.75,30.75
1726,9,1/2 bushel cartons,12.5,15.0,27.5
1727,9,1/2 bushel cartons,15.0,15.0,30.0
1728,9,1/2 bushel cartons,15.0,15.0,30.0
1729,9,1/2 bushel cartons,15.0,15.75,30.75
1730,9,1/2 bushel cartons,12.5,15.0,27.5
1731,9,1/2 bushel cartons,15.0,15.0,30.0
1732,9,1/2 bushel cartons,15.0,15.0,30.0
1733,9,1/2 bushel cartons,13.75,15.0,28.75
1734,9,1/2 bushel cartons,10.75,15.0,25.75
1735,9,1/2 bushel cartons,12.0,12.0,24.0
1736,9,1/2 bushel cartons,12.0,12.0,24.0
1737,9,1/2 bushel cartons,15.0,15.0,30.0
1738,9,1/2 bushel cartons,15.0,15.0,30.0
1739,9,1/2 bushel cartons,13.75,15.0,28.75
1740,9,1/2 bushel cartons,10.75,15.0,25.75
1741,9,1/2 bushel cartons,12.0,12.0,24.0
1742,9,1/2 bushel cartons,12.0,12.0,24.0
1743,9,22 lb cartons,16.75,16.75,16.75
1744,9,22 lb cartons,16.75,16.75,16.75
1745,9,22 lb cartons,16.75,16.75,16.75
1746,9,22 lb cartons,16.75,16.75,16.75
1747,9,22 lb cartons,14.75,14.75,14.75
1748,9,22 lb cartons,14.75,14.75,14.75
1749,9,22 lb cartons,10.75,10.75,10.75
1750,9,22 lb cartons,14.75,14.75,14.75
1751,9,22 lb cartons,10.75,10.75,10.75
1752,9,22 lb cartons,14.75,14.75,14.75
1753,9,36 inch bins,275.0,275.0,275.0
1754,9,36 inch bins,275.0,275.0,275.0
1755,9,36 inch bins,275.0,275.0,275.0
1756,9,36 inch bins,275.0,275.0,275.0
